{"allContent":{"docusaurus-plugin-content-docs":{"default":{"loadedVersions":[{"versionName":"current","label":"Next","banner":null,"badge":false,"noIndex":false,"className":"docs-version-current","path":"/4W6-WebServices/","tagsPath":"/4W6-WebServices/tags","editUrl":"https://github.com/departement-info-cem/4W6-WebServices/tree/main/web/docs","editUrlLocalized":"https://github.com/departement-info-cem/4W6-WebServices/tree/main/web/i18n/fr/docusaurus-plugin-content-docs/current","isLast":true,"routePriority":-1,"sidebarFilePath":"D:\\cegep_cours\\prog web services\\intras\\intra_formatif\\notes_de_cours\\sidebars.js","contentPath":"D:\\cegep_cours\\prog web services\\intras\\intra_formatif\\notes_de_cours\\docs","contentPathLocalized":"D:\\cegep_cours\\prog web services\\intras\\intra_formatif\\notes_de_cours\\i18n\\fr\\docusaurus-plugin-content-docs\\current","docs":[{"id":"accueil","title":"Notes de cours (version intra)","description":"Bonne chance 😳","source":"@site/docs/accueil.md","sourceDirName":".","slug":"/","permalink":"/4W6-WebServices/","draft":false,"unlisted":false,"editUrl":"https://github.com/departement-info-cem/4W6-WebServices/tree/main/web/docs/accueil.md","tags":[],"version":"current","sidebarPosition":1,"frontMatter":{"sidebar_position":1,"slug":"/"}},{"id":"notes/rencontre1.1","title":"Cours 1 - Intro à React / Next.js","description":"🧪 Introduction à TypeScript","source":"@site/docs/01-notes/01-rencontre1.1.md","sourceDirName":"01-notes","slug":"/notes/rencontre1.1","permalink":"/4W6-WebServices/notes/rencontre1.1","draft":false,"unlisted":false,"editUrl":"https://github.com/departement-info-cem/4W6-WebServices/tree/main/web/docs/01-notes/01-rencontre1.1.md","tags":[],"version":"current","sidebarPosition":1,"frontMatter":{},"sidebar":"docs","next":{"title":"Cours 2 - Composant dynamique","permalink":"/4W6-WebServices/notes/rencontre1.2"}},{"id":"notes/rencontre1.2","title":"Cours 2 - Composant dynamique","description":"Dans de nombreux exemples à partir de ce cours, des classes personnelles sont utilisées à la place des classes Tailwind pour alléger le code HTML des exemples. C'est normal qu'en copiant certains exemples, l'apparence de vos pages Web soit un peu moins pétillant 🌶 !","source":"@site/docs/01-notes/02-rencontre1.2.md","sourceDirName":"01-notes","slug":"/notes/rencontre1.2","permalink":"/4W6-WebServices/notes/rencontre1.2","draft":false,"unlisted":false,"editUrl":"https://github.com/departement-info-cem/4W6-WebServices/tree/main/web/docs/01-notes/02-rencontre1.2.md","tags":[],"version":"current","sidebarPosition":2,"frontMatter":{},"sidebar":"docs","previous":{"title":"Cours 1 - Intro à React / Next.js","permalink":"/4W6-WebServices/notes/rencontre1.1"},"next":{"title":"Cours 3 - Requêtes HTTP","permalink":"/4W6-WebServices/notes/rencontre2.1"}},{"id":"notes/rencontre2.1","title":"Cours 3 - Requêtes HTTP","description":"✅ Une application Web client Next.js peut :","source":"@site/docs/01-notes/03-rencontre2.1.md","sourceDirName":"01-notes","slug":"/notes/rencontre2.1","permalink":"/4W6-WebServices/notes/rencontre2.1","draft":false,"unlisted":false,"editUrl":"https://github.com/departement-info-cem/4W6-WebServices/tree/main/web/docs/01-notes/03-rencontre2.1.md","tags":[],"version":"current","sidebarPosition":3,"frontMatter":{},"sidebar":"docs","previous":{"title":"Cours 2 - Composant dynamique","permalink":"/4W6-WebServices/notes/rencontre1.2"},"next":{"title":"Cours 5 - Plusieurs composants","permalink":"/4W6-WebServices/notes/rencontre3.1"}},{"id":"notes/rencontre3.1","title":"Cours 5 - Plusieurs composants","description":"Utiliser plusieurs composants permettra de « naviguer sur plusieurs pages Web » et permettra également d'éviter","source":"@site/docs/01-notes/05-rencontre3.1.md","sourceDirName":"01-notes","slug":"/notes/rencontre3.1","permalink":"/4W6-WebServices/notes/rencontre3.1","draft":false,"unlisted":false,"editUrl":"https://github.com/departement-info-cem/4W6-WebServices/tree/main/web/docs/01-notes/05-rencontre3.1.md","tags":[],"version":"current","sidebarPosition":5,"frontMatter":{},"sidebar":"docs","previous":{"title":"Cours 3 - Requêtes HTTP","permalink":"/4W6-WebServices/notes/rencontre2.1"},"next":{"title":"Cours 6 - Contexts et hooks","permalink":"/4W6-WebServices/notes/rencontre3.2"}},{"id":"notes/rencontre3.2","title":"Cours 6 - Contexts et hooks","description":"Nous avons appris comment créer et utiliser plusieurs composants. Il reste cependant certains défis à adresser pour pouvoir utiliser plusieurs composants stratégiquement.","source":"@site/docs/01-notes/06-rencontre3.2.md","sourceDirName":"01-notes","slug":"/notes/rencontre3.2","permalink":"/4W6-WebServices/notes/rencontre3.2","draft":false,"unlisted":false,"editUrl":"https://github.com/departement-info-cem/4W6-WebServices/tree/main/web/docs/01-notes/06-rencontre3.2.md","tags":[],"version":"current","sidebarPosition":6,"frontMatter":{},"sidebar":"docs","previous":{"title":"Cours 5 - Plusieurs composants","permalink":"/4W6-WebServices/notes/rencontre3.1"},"next":{"title":"Cours 7 - Stockage, i18n, token","permalink":"/4W6-WebServices/notes/rencontre4.1"}},{"id":"notes/rencontre4.1","title":"Cours 7 - Stockage, i18n, token","description":"💿 Stockage local","source":"@site/docs/01-notes/07-rencontre4.1.md","sourceDirName":"01-notes","slug":"/notes/rencontre4.1","permalink":"/4W6-WebServices/notes/rencontre4.1","draft":false,"unlisted":false,"editUrl":"https://github.com/departement-info-cem/4W6-WebServices/tree/main/web/docs/01-notes/07-rencontre4.1.md","tags":[],"version":"current","sidebarPosition":7,"frontMatter":{},"sidebar":"docs","previous":{"title":"Cours 6 - Contexts et hooks","permalink":"/4W6-WebServices/notes/rencontre3.2"},"next":{"title":"Cours 8 - Maps, vidéos, UI","permalink":"/4W6-WebServices/notes/rencontre4.2"}},{"id":"notes/rencontre4.2","title":"Cours 8 - Maps, vidéos, UI","description":"▶ Intégration YouTube","source":"@site/docs/01-notes/08-rencontre4.2.md","sourceDirName":"01-notes","slug":"/notes/rencontre4.2","permalink":"/4W6-WebServices/notes/rencontre4.2","draft":false,"unlisted":false,"editUrl":"https://github.com/departement-info-cem/4W6-WebServices/tree/main/web/docs/01-notes/08-rencontre4.2.md","tags":[],"version":"current","sidebarPosition":8,"frontMatter":{},"sidebar":"docs","previous":{"title":"Cours 7 - Stockage, i18n, token","permalink":"/4W6-WebServices/notes/rencontre4.1"}}],"drafts":[],"sidebars":{"docs":[{"type":"doc","id":"notes/rencontre1.1"},{"type":"doc","id":"notes/rencontre1.2"},{"type":"doc","id":"notes/rencontre2.1"},{"type":"doc","id":"notes/rencontre3.1"},{"type":"doc","id":"notes/rencontre3.2"},{"type":"doc","id":"notes/rencontre4.1"},{"type":"doc","id":"notes/rencontre4.2"}],"tp":[],"labos":[],"cours":[]}}]}},"docusaurus-plugin-content-blog":{"default":{"blogSidebarTitle":"Recent posts","blogPosts":[],"blogListPaginated":[],"blogTags":{},"blogTagsListPath":"/4W6-WebServices/blog/tags"}},"docusaurus-plugin-content-pages":{"default":null},"docusaurus-plugin-debug":{},"docusaurus-theme-classic":{},"docusaurus-theme-mermaid":{},"docusaurus-bootstrap-plugin":{},"docusaurus-mdx-fallback-plugin":{}}}