{"allContent":{"docusaurus-plugin-content-docs":{"default":{"loadedVersions":[{"versionName":"current","label":"Next","banner":null,"badge":false,"noIndex":false,"className":"docs-version-current","path":"/4W6-WebServices/","tagsPath":"/4W6-WebServices/tags","editUrl":"https://github.com/departement-info-cem/4W6-WebServices/tree/main/web/docs","editUrlLocalized":"https://github.com/departement-info-cem/4W6-WebServices/tree/main/web/i18n/fr/docusaurus-plugin-content-docs/current","isLast":true,"routePriority":-1,"sidebarFilePath":"D:\\cegep_cours\\prog web services\\intras\\h25\\notes_de_cours\\sidebars.js","contentPath":"D:\\cegep_cours\\prog web services\\intras\\h25\\notes_de_cours\\docs","contentPathLocalized":"D:\\cegep_cours\\prog web services\\intras\\h25\\notes_de_cours\\i18n\\fr\\docusaurus-plugin-content-docs\\current","docs":[{"id":"accueil","title":"Site Web du cours Programmation Web orientée services","description":"✅📚 Vous retrouverez sur ce site Web toutes les notes de cours, laboratoires et TPs pour le cours Programmation","source":"@site/docs/accueil.md","sourceDirName":".","slug":"/","permalink":"/4W6-WebServices/","draft":false,"unlisted":false,"editUrl":"https://github.com/departement-info-cem/4W6-WebServices/tree/main/web/docs/accueil.md","tags":[],"version":"current","sidebarPosition":1,"frontMatter":{"sidebar_position":1,"slug":"/"}},{"id":"cours/rencontre1.1","title":"Cours 1 - Intro à Angular","description":"🙈 Application Web ASP.NET Core sans client Angular","source":"@site/docs/01-cours/01-rencontre1.1.md","sourceDirName":"01-cours","slug":"/cours/rencontre1.1","permalink":"/4W6-WebServices/cours/rencontre1.1","draft":false,"unlisted":false,"editUrl":"https://github.com/departement-info-cem/4W6-WebServices/tree/main/web/docs/01-cours/01-rencontre1.1.md","tags":[],"version":"current","sidebarPosition":1,"frontMatter":{},"sidebar":"docs","next":{"title":"Cours 2 - Composant dynamique","permalink":"/4W6-WebServices/cours/rencontre1.2"}},{"id":"cours/rencontre1.2","title":"Cours 2 - Composant dynamique","description":"Ce cours aborde l'interaction entre la classe TypeScript d'un composant et son template HTML.","source":"@site/docs/01-cours/02-rencontre1.2.md","sourceDirName":"01-cours","slug":"/cours/rencontre1.2","permalink":"/4W6-WebServices/cours/rencontre1.2","draft":false,"unlisted":false,"editUrl":"https://github.com/departement-info-cem/4W6-WebServices/tree/main/web/docs/01-cours/02-rencontre1.2.md","tags":[],"version":"current","sidebarPosition":2,"frontMatter":{},"sidebar":"docs","previous":{"title":"Cours 1 - Intro à Angular","permalink":"/4W6-WebServices/cours/rencontre1.1"},"next":{"title":"Cours 3 - Requêtes HTTP","permalink":"/4W6-WebServices/cours/rencontre2.1"}},{"id":"cours/rencontre2.1","title":"Cours 3 - Requêtes HTTP","description":"✅ Une application Web client Angular peut :","source":"@site/docs/01-cours/03-rencontre2.1.md","sourceDirName":"01-cours","slug":"/cours/rencontre2.1","permalink":"/4W6-WebServices/cours/rencontre2.1","draft":false,"unlisted":false,"editUrl":"https://github.com/departement-info-cem/4W6-WebServices/tree/main/web/docs/01-cours/03-rencontre2.1.md","tags":[],"version":"current","sidebarPosition":3,"frontMatter":{},"sidebar":"docs","previous":{"title":"Cours 2 - Composant dynamique","permalink":"/4W6-WebServices/cours/rencontre1.2"},"next":{"title":"Cours 5 - Plusieurs composants","permalink":"/4W6-WebServices/cours/rencontre3.1"}},{"id":"cours/rencontre3.1","title":"Cours 5 - Plusieurs composants","description":"Utiliser plusieurs composants permettra de « naviguer sur plusieurs pages Web » et permettra également d'éviter","source":"@site/docs/01-cours/05-rencontre3.1.md","sourceDirName":"01-cours","slug":"/cours/rencontre3.1","permalink":"/4W6-WebServices/cours/rencontre3.1","draft":false,"unlisted":false,"editUrl":"https://github.com/departement-info-cem/4W6-WebServices/tree/main/web/docs/01-cours/05-rencontre3.1.md","tags":[],"version":"current","sidebarPosition":5,"frontMatter":{},"sidebar":"docs","previous":{"title":"Cours 3 - Requêtes HTTP","permalink":"/4W6-WebServices/cours/rencontre2.1"},"next":{"title":"Cours 6 - Services","permalink":"/4W6-WebServices/cours/rencontre3.2"}},{"id":"cours/rencontre3.2","title":"Cours 6 - Services","description":"⚙ Les services sont des classes TypeScript qui ne sont associées à aucun code HTML ou CSS.","source":"@site/docs/01-cours/06-rencontre3.2.md","sourceDirName":"01-cours","slug":"/cours/rencontre3.2","permalink":"/4W6-WebServices/cours/rencontre3.2","draft":false,"unlisted":false,"editUrl":"https://github.com/departement-info-cem/4W6-WebServices/tree/main/web/docs/01-cours/06-rencontre3.2.md","tags":[],"version":"current","sidebarPosition":6,"frontMatter":{},"sidebar":"docs","previous":{"title":"Cours 5 - Plusieurs composants","permalink":"/4W6-WebServices/cours/rencontre3.1"},"next":{"title":"Cours 7 - Stockage, i18n, token","permalink":"/4W6-WebServices/cours/rencontre4.1"}},{"id":"cours/rencontre4.1","title":"Cours 7 - Stockage, i18n, token","description":"💾 Stockage local","source":"@site/docs/01-cours/07-rencontre4.1.md","sourceDirName":"01-cours","slug":"/cours/rencontre4.1","permalink":"/4W6-WebServices/cours/rencontre4.1","draft":false,"unlisted":false,"editUrl":"https://github.com/departement-info-cem/4W6-WebServices/tree/main/web/docs/01-cours/07-rencontre4.1.md","tags":[],"version":"current","sidebarPosition":7,"frontMatter":{},"sidebar":"docs","previous":{"title":"Cours 6 - Services","permalink":"/4W6-WebServices/cours/rencontre3.2"},"next":{"title":"Cours 8 - Maps, vidéos, pipes","permalink":"/4W6-WebServices/cours/rencontre4.2"}},{"id":"cours/rencontre4.2","title":"Cours 8 - Maps, vidéos, pipes","description":"▶ Intégration YouTube","source":"@site/docs/01-cours/08-rencontre4.2.md","sourceDirName":"01-cours","slug":"/cours/rencontre4.2","permalink":"/4W6-WebServices/cours/rencontre4.2","draft":false,"unlisted":false,"editUrl":"https://github.com/departement-info-cem/4W6-WebServices/tree/main/web/docs/01-cours/08-rencontre4.2.md","tags":[],"version":"current","sidebarPosition":8,"frontMatter":{},"sidebar":"docs","previous":{"title":"Cours 7 - Stockage, i18n, token","permalink":"/4W6-WebServices/cours/rencontre4.1"}},{"id":"labos/labo1","title":"Laboratoire 1","description":"Pour ce premier laboratoire il n'y aura pas de matériel de départ. Pour tous les laboratoires,","source":"@site/docs/03-labos/01-labo1.md","sourceDirName":"03-labos","slug":"/labos/labo1","permalink":"/4W6-WebServices/labos/labo1","draft":false,"unlisted":false,"editUrl":"https://github.com/departement-info-cem/4W6-WebServices/tree/main/web/docs/03-labos/01-labo1.md","tags":[],"version":"current","sidebarPosition":1,"frontMatter":{},"sidebar":"labos","next":{"title":"Laboratoire 2","permalink":"/4W6-WebServices/labos/labo2"}},{"id":"labos/labo2","title":"Laboratoire 2","description":"Pour ce deuxième laboratoire il y aura un projet de départ à télécharger. Le voici. 🎁","source":"@site/docs/03-labos/02-labo2.md","sourceDirName":"03-labos","slug":"/labos/labo2","permalink":"/4W6-WebServices/labos/labo2","draft":false,"unlisted":false,"editUrl":"https://github.com/departement-info-cem/4W6-WebServices/tree/main/web/docs/03-labos/02-labo2.md","tags":[],"version":"current","sidebarPosition":2,"frontMatter":{},"sidebar":"labos","previous":{"title":"Laboratoire 1","permalink":"/4W6-WebServices/labos/labo1"},"next":{"title":"Laboratoire 3","permalink":"/4W6-WebServices/labos/labo3"}},{"id":"labos/labo3","title":"Laboratoire 3","description":"Commencez par télécharger le ⛔ projet de départ pour ce laboratoire. 🎁","source":"@site/docs/03-labos/03-labo3.md","sourceDirName":"03-labos","slug":"/labos/labo3","permalink":"/4W6-WebServices/labos/labo3","draft":false,"unlisted":false,"editUrl":"https://github.com/departement-info-cem/4W6-WebServices/tree/main/web/docs/03-labos/03-labo3.md","tags":[],"version":"current","sidebarPosition":3,"frontMatter":{},"sidebar":"labos","previous":{"title":"Laboratoire 2","permalink":"/4W6-WebServices/labos/labo2"},"next":{"title":"Laboratoire 5","permalink":"/4W6-WebServices/labos/labo5"}},{"id":"labos/labo5","title":"Laboratoire 5","description":"Dans ce laboratoire, [texte d'introduction qui parle des composants pour stimuler les étudiant(e)s à","source":"@site/docs/03-labos/04-labo5.md","sourceDirName":"03-labos","slug":"/labos/labo5","permalink":"/4W6-WebServices/labos/labo5","draft":false,"unlisted":false,"editUrl":"https://github.com/departement-info-cem/4W6-WebServices/tree/main/web/docs/03-labos/04-labo5.md","tags":[],"version":"current","sidebarPosition":4,"frontMatter":{},"sidebar":"labos","previous":{"title":"Laboratoire 3","permalink":"/4W6-WebServices/labos/labo3"},"next":{"title":"Laboratoire 6","permalink":"/4W6-WebServices/labos/labo6"}},{"id":"labos/labo6","title":"Laboratoire 6","description":"Téléchargez le projet de départ et lancez-le. 🧤⚾","source":"@site/docs/03-labos/05-labo6.md","sourceDirName":"03-labos","slug":"/labos/labo6","permalink":"/4W6-WebServices/labos/labo6","draft":false,"unlisted":false,"editUrl":"https://github.com/departement-info-cem/4W6-WebServices/tree/main/web/docs/03-labos/05-labo6.md","tags":[],"version":"current","sidebarPosition":5,"frontMatter":{},"sidebar":"labos","previous":{"title":"Laboratoire 5","permalink":"/4W6-WebServices/labos/labo5"},"next":{"title":"Laboratoire 7","permalink":"/4W6-WebServices/labos/labo7"}},{"id":"labos/labo7","title":"Laboratoire 7","description":"🐌 Étape 1 - La routine... ou presque.","source":"@site/docs/03-labos/06-labo7.md","sourceDirName":"03-labos","slug":"/labos/labo7","permalink":"/4W6-WebServices/labos/labo7","draft":false,"unlisted":false,"editUrl":"https://github.com/departement-info-cem/4W6-WebServices/tree/main/web/docs/03-labos/06-labo7.md","tags":[],"version":"current","sidebarPosition":6,"frontMatter":{},"sidebar":"labos","previous":{"title":"Laboratoire 6","permalink":"/4W6-WebServices/labos/labo6"},"next":{"title":"Laboratoire 8","permalink":"/4W6-WebServices/labos/labo8"}},{"id":"labos/labo8","title":"Laboratoire 8","description":"Téléchargez le projet de départ et réinstallez les dépendances.","source":"@site/docs/03-labos/07-labo8.md","sourceDirName":"03-labos","slug":"/labos/labo8","permalink":"/4W6-WebServices/labos/labo8","draft":false,"unlisted":false,"editUrl":"https://github.com/departement-info-cem/4W6-WebServices/tree/main/web/docs/03-labos/07-labo8.md","tags":[],"version":"current","sidebarPosition":7,"frontMatter":{},"sidebar":"labos","previous":{"title":"Laboratoire 7","permalink":"/4W6-WebServices/labos/labo7"}}],"drafts":[],"sidebars":{"docs":[{"type":"doc","id":"cours/rencontre1.1"},{"type":"doc","id":"cours/rencontre1.2"},{"type":"doc","id":"cours/rencontre2.1"},{"type":"doc","id":"cours/rencontre3.1"},{"type":"doc","id":"cours/rencontre3.2"},{"type":"doc","id":"cours/rencontre4.1"},{"type":"doc","id":"cours/rencontre4.2"}],"labos":[{"type":"doc","id":"labos/labo1"},{"type":"doc","id":"labos/labo2"},{"type":"doc","id":"labos/labo3"},{"type":"doc","id":"labos/labo5"},{"type":"doc","id":"labos/labo6"},{"type":"doc","id":"labos/labo7"},{"type":"doc","id":"labos/labo8"}]}}]}},"docusaurus-plugin-content-blog":{"default":{"blogSidebarTitle":"Recent posts","blogPosts":[],"blogListPaginated":[],"blogTags":{},"blogTagsListPath":"/4W6-WebServices/blog/tags"}},"docusaurus-plugin-content-pages":{"default":null},"docusaurus-plugin-debug":{},"docusaurus-theme-classic":{},"docusaurus-theme-mermaid":{},"docusaurus-bootstrap-plugin":{},"docusaurus-mdx-fallback-plugin":{}}}