{
  "docusaurus-plugin-content-docs": {
    "default": {
      "path": "/4W6-WebServices/",
      "versions": [
        {
          "name": "current",
          "label": "Next",
          "isLast": true,
          "path": "/4W6-WebServices/",
          "mainDocId": "accueil",
          "docs": [
            {
              "id": "accueil",
              "path": "/4W6-WebServices/"
            },
            {
              "id": "cours/rencontre1.1",
              "path": "/4W6-WebServices/cours/rencontre1.1",
              "sidebar": "docs"
            },
            {
              "id": "cours/rencontre1.2",
              "path": "/4W6-WebServices/cours/rencontre1.2",
              "sidebar": "docs"
            },
            {
              "id": "cours/rencontre2.1",
              "path": "/4W6-WebServices/cours/rencontre2.1",
              "sidebar": "docs"
            },
            {
              "id": "cours/rencontre2.2",
              "path": "/4W6-WebServices/cours/rencontre2.2",
              "sidebar": "docs"
            },
            {
              "id": "cours/rencontre3.1",
              "path": "/4W6-WebServices/cours/rencontre3.1",
              "sidebar": "docs"
            },
            {
              "id": "cours/rencontre3.2",
              "path": "/4W6-WebServices/cours/rencontre3.2",
              "sidebar": "docs"
            },
            {
              "id": "cours/rencontre4.1",
              "path": "/4W6-WebServices/cours/rencontre4.1",
              "sidebar": "docs"
            },
            {
              "id": "cours/rencontre4.2",
              "path": "/4W6-WebServices/cours/rencontre4.2",
              "sidebar": "docs"
            }
          ],
          "draftIds": [],
          "sidebars": {
            "docs": {
              "link": {
                "path": "/4W6-WebServices/cours/rencontre1.1",
                "label": "cours/rencontre1.1"
              }
            },
            "tp": {},
            "labos": {}
          }
        }
      ],
      "breadcrumbs": true
    }
  }
}