{
  "theme.AnnouncementBar.closeButtonAriaLabel": "Fermer",
  "theme.BackToTopButton.buttonAriaLabel": "Retour au début de la page",
  "theme.CodeBlock.copied": "Copié",
  "theme.CodeBlock.copy": "Copier",
  "theme.CodeBlock.copyButtonAriaLabel": "Copier le code",
  "theme.CodeBlock.wordWrapToggle": "Activer/désactiver le retour à la ligne",
  "theme.DocSidebarItem.collapseCategoryAriaLabel": "Réduire la catégorie '{label}' de la barre latérale",
  "theme.DocSidebarItem.expandCategoryAriaLabel": "Développer la catégorie '{label}' de la barre latérale",
  "theme.ErrorPageContent.title": "Cette page a planté.",
  "theme.ErrorPageContent.tryAgain": "Réessayer",
  "theme.NavBar.navAriaLabel": "Main",
  "theme.NotFound.p1": "Nous n'avons pas trouvé ce que vous recherchez.",
  "theme.NotFound.p2": "Veuillez contacter le propriétaire du site qui vous a lié à l'URL d'origine et leur faire savoir que leur lien est cassé.",
  "theme.NotFound.title": "Page introuvable",
  "theme.TOCCollapsible.toggleButtonLabel": "Sur cette page",
  "theme.admonition.caution": "attention",
  "theme.admonition.danger": "danger",
  "theme.admonition.info": "info",
  "theme.admonition.note": "remarque",
  "theme.admonition.tip": "astuce",
  "theme.admonition.warning": "attention",
  "theme.blog.archive.description": "Archive",
  "theme.blog.archive.title": "Archive",
  "theme.blog.author.pageTitle": "{authorName} - {nPosts}",
  "theme.blog.authorsList.pageTitle": "Authors",
  "theme.blog.authorsList.viewAll": "View All Authors",
  "theme.blog.paginator.navAriaLabel": "Pagination de la liste des articles du blog",
  "theme.blog.paginator.newerEntries": "Nouvelles entrées",
  "theme.blog.paginator.olderEntries": "Anciennes entrées",
  "theme.blog.post.paginator.navAriaLabel": "Pagination des articles du blog",
  "theme.blog.post.paginator.newerPost": "Article plus récent",
  "theme.blog.post.paginator.olderPost": "Article plus ancien",
  "theme.blog.post.plurals": "Un article|{count} articles",
  "theme.blog.post.readMore": "Lire plus",
  "theme.blog.post.readMoreLabel": "En savoir plus sur {title}",
  "theme.blog.post.readingTime.plurals": "Une minute de lecture|{readingTime} minutes de lecture",
  "theme.blog.sidebar.navAriaLabel": "Navigation article de blog récent",
  "theme.blog.tagTitle": "{nPosts} tagués avec « {tagName} »",
  "theme.colorToggle.ariaLabel": "Basculer entre le mode sombre et clair (actuellement {mode})",
  "theme.colorToggle.ariaLabel.mode.dark": "mode sombre",
  "theme.colorToggle.ariaLabel.mode.light": "mode clair",
  "theme.common.editThisPage": "Éditer cette page",
  "theme.common.headingLinkTitle": "Lien direct vers {heading}",
  "theme.common.skipToMainContent": "Aller au contenu principal",
  "theme.contentVisibility.draftBanner.message": "This page is a draft. It will only be visible in dev and be excluded from the production build.",
  "theme.contentVisibility.draftBanner.title": "Draft page",
  "theme.contentVisibility.unlistedBanner.message": "Cette page n'est pas répertoriée. Les moteurs de recherche ne l'indexeront pas, et seuls les utilisateurs ayant un lien direct peuvent y accéder.",
  "theme.contentVisibility.unlistedBanner.title": "Page non répertoriée",
  "theme.docs.DocCard.categoryDescription.plurals": "1 élément|{count} éléments",
  "theme.docs.breadcrumbs.home": "Page d'accueil",
  "theme.docs.breadcrumbs.navAriaLabel": "Fil d'Ariane",
  "theme.docs.paginator.navAriaLabel": "Pages de documentation",
  "theme.docs.paginator.next": "Suivant",
  "theme.docs.paginator.previous": "Précédent",
  "theme.docs.sidebar.closeSidebarButtonAriaLabel": "Fermer la barre de navigation",
  "theme.docs.sidebar.collapseButtonAriaLabel": "Réduire le menu latéral",
  "theme.docs.sidebar.collapseButtonTitle": "Réduire le menu latéral",
  "theme.docs.sidebar.expandButtonAriaLabel": "Déplier le menu latéral",
  "theme.docs.sidebar.expandButtonTitle": "Déplier le menu latéral",
  "theme.docs.sidebar.navAriaLabel": "Docs sidebar",
  "theme.docs.sidebar.toggleSidebarButtonAriaLabel": "Ouvrir/fermer la barre de navigation",
  "theme.docs.tagDocListPageTitle": "{nDocsTagged} avec \"{tagName}\"",
  "theme.docs.tagDocListPageTitle.nDocsTagged": "Un document tagué|{count} documents tagués",
  "theme.docs.versionBadge.label": "Version: {versionLabel}",
  "theme.docs.versions.latestVersionLinkLabel": "dernière version",
  "theme.docs.versions.latestVersionSuggestionLabel": "Pour une documentation à jour, consultez la {latestVersionLink} ({versionLabel}).",
  "theme.docs.versions.unmaintainedVersionLabel": "Ceci est la documentation de {siteTitle} {versionLabel}, qui n'est plus activement maintenue.",
  "theme.docs.versions.unreleasedVersionLabel": "Ceci est la documentation de la prochaine version {versionLabel} de {siteTitle}.",
  "theme.lastUpdated.atDate": " le {date}",
  "theme.lastUpdated.byUser": " par {user}",
  "theme.lastUpdated.lastUpdatedAtBy": "Dernière mise à jour{atDate}{byUser}",
  "theme.navbar.mobileLanguageDropdown.label": "Langues",
  "theme.navbar.mobileSidebarSecondaryMenu.backButtonLabel": "← Retour au menu principal",
  "theme.navbar.mobileVersionsDropdown.label": "Versions",
  "theme.tags.tagsListLabel": "Tags :",
  "theme.tags.tagsPageLink": "Voir tous les tags",
  "theme.tags.tagsPageTitle": "Tags"
}