{
  "/4W6-WebServices/__docusaurus/debug-d56": {
    "__comp": "__comp---theme-debug-config-23-a-2ff",
    "__context": {
      "plugin": "plugin---4-w-6-web-services-docusaurus-debugb-38-009"
    }
  },
  "/4W6-WebServices/__docusaurus/debug/config-14d": {
    "__comp": "__comp---theme-debug-config-23-a-2ff",
    "__context": {
      "plugin": "plugin---4-w-6-web-services-docusaurus-debugb-38-009"
    }
  },
  "/4W6-WebServices/__docusaurus/debug/content-740": {
    "__comp": "__comp---theme-debug-contentba-8-ce7",
    "__context": {
      "plugin": "plugin---4-w-6-web-services-docusaurus-debugb-38-009"
    },
    "__props": "__props---4-w-6-web-services-docusaurus-debug-content-7-fa-a80"
  },
  "/4W6-WebServices/__docusaurus/debug/globalData-4f3": {
    "__comp": "__comp---theme-debug-global-dataede-0fa",
    "__context": {
      "plugin": "plugin---4-w-6-web-services-docusaurus-debugb-38-009"
    }
  },
  "/4W6-WebServices/__docusaurus/debug/metadata-5e8": {
    "__comp": "__comp---theme-debug-site-metadata-68-e-3d4",
    "__context": {
      "plugin": "plugin---4-w-6-web-services-docusaurus-debugb-38-009"
    }
  },
  "/4W6-WebServices/__docusaurus/debug/registry-163": {
    "__comp": "__comp---theme-debug-registry-679-501",
    "__context": {
      "plugin": "plugin---4-w-6-web-services-docusaurus-debugb-38-009"
    }
  },
  "/4W6-WebServices/__docusaurus/debug/routes-4e7": {
    "__comp": "__comp---theme-debug-routes-946-699",
    "__context": {
      "plugin": "plugin---4-w-6-web-services-docusaurus-debugb-38-009"
    }
  },
  "/4W6-WebServices/-57c": {
    "__comp": "__comp---theme-docs-root-5-e-9-0b6",
    "__context": {
      "plugin": "plugin---4-w-6-web-services-aba-c25"
    }
  },
  "/4W6-WebServices/-d0b": {
    "__comp": "__comp---theme-doc-version-roota-7-b-5de",
    "__props": "__props---4-w-6-web-services-5-a-7-e55"
  },
  "/4W6-WebServices/-514": {
    "__comp": "__comp---theme-doc-roota-94-67a"
  },
  "/4W6-WebServices/cours/rencontre1.1-8c9": {
    "__comp": "__comp---theme-doc-item-178-a40",
    "content": "content---4-w-6-web-services-cours-rencontre-1-1-e-7-b-e7a"
  },
  "/4W6-WebServices/cours/rencontre1.2-8bf": {
    "__comp": "__comp---theme-doc-item-178-a40",
    "content": "content---4-w-6-web-services-cours-rencontre-1-2419-c46"
  },
  "/4W6-WebServices/cours/rencontre2.1-1c6": {
    "__comp": "__comp---theme-doc-item-178-a40",
    "content": "content---4-w-6-web-services-cours-rencontre-2-114-e-449"
  },
  "/4W6-WebServices/cours/rencontre3.1-4b2": {
    "__comp": "__comp---theme-doc-item-178-a40",
    "content": "content---4-w-6-web-services-cours-rencontre-3-12-ef-8f5"
  },
  "/4W6-WebServices/cours/rencontre3.2-415": {
    "__comp": "__comp---theme-doc-item-178-a40",
    "content": "content---4-w-6-web-services-cours-rencontre-3-2-ef-8-e2d"
  },
  "/4W6-WebServices/cours/rencontre4.1-46b": {
    "__comp": "__comp---theme-doc-item-178-a40",
    "content": "content---4-w-6-web-services-cours-rencontre-4-1483-eb9"
  },
  "/4W6-WebServices/cours/rencontre4.2-81c": {
    "__comp": "__comp---theme-doc-item-178-a40",
    "content": "content---4-w-6-web-services-cours-rencontre-4-2060-69c"
  },
  "/4W6-WebServices/labos/labo1-b59": {
    "__comp": "__comp---theme-doc-item-178-a40",
    "content": "content---4-w-6-web-services-labos-labo-1762-cee"
  },
  "/4W6-WebServices/labos/labo2-861": {
    "__comp": "__comp---theme-doc-item-178-a40",
    "content": "content---4-w-6-web-services-labos-labo-248-a-4d0"
  },
  "/4W6-WebServices/labos/labo3-08a": {
    "__comp": "__comp---theme-doc-item-178-a40",
    "content": "content---4-w-6-web-services-labos-labo-34-e-5-04a"
  },
  "/4W6-WebServices/labos/labo5-f98": {
    "__comp": "__comp---theme-doc-item-178-a40",
    "content": "content---4-w-6-web-services-labos-labo-5897-7ab"
  },
  "/4W6-WebServices/labos/labo6-f64": {
    "__comp": "__comp---theme-doc-item-178-a40",
    "content": "content---4-w-6-web-services-labos-labo-67-bf-f4e"
  },
  "/4W6-WebServices/labos/labo7-a75": {
    "__comp": "__comp---theme-doc-item-178-a40",
    "content": "content---4-w-6-web-services-labos-labo-78-ff-01d"
  },
  "/4W6-WebServices/labos/labo8-36b": {
    "__comp": "__comp---theme-doc-item-178-a40",
    "content": "content---4-w-6-web-services-labos-labo-82-ab-985"
  },
  "/4W6-WebServices/-866": {
    "__comp": "__comp---theme-doc-item-178-a40",
    "content": "content---4-w-6-web-services-b-62-fc5"
  }
}