{
  "/4W6-WebServices/__docusaurus/debug-d56": {
    "__comp": "__comp---theme-debug-config-23-a-2ff",
    "__context": {
      "plugin": "plugin---4-w-6-web-services-docusaurus-debugb-38-009"
    }
  },
  "/4W6-WebServices/__docusaurus/debug/config-14d": {
    "__comp": "__comp---theme-debug-config-23-a-2ff",
    "__context": {
      "plugin": "plugin---4-w-6-web-services-docusaurus-debugb-38-009"
    }
  },
  "/4W6-WebServices/__docusaurus/debug/content-740": {
    "__comp": "__comp---theme-debug-contentba-8-ce7",
    "__context": {
      "plugin": "plugin---4-w-6-web-services-docusaurus-debugb-38-009"
    },
    "__props": "__props---4-w-6-web-services-docusaurus-debug-content-7-fa-a80"
  },
  "/4W6-WebServices/__docusaurus/debug/globalData-4f3": {
    "__comp": "__comp---theme-debug-global-dataede-0fa",
    "__context": {
      "plugin": "plugin---4-w-6-web-services-docusaurus-debugb-38-009"
    }
  },
  "/4W6-WebServices/__docusaurus/debug/metadata-5e8": {
    "__comp": "__comp---theme-debug-site-metadata-68-e-3d4",
    "__context": {
      "plugin": "plugin---4-w-6-web-services-docusaurus-debugb-38-009"
    }
  },
  "/4W6-WebServices/__docusaurus/debug/registry-163": {
    "__comp": "__comp---theme-debug-registry-679-501",
    "__context": {
      "plugin": "plugin---4-w-6-web-services-docusaurus-debugb-38-009"
    }
  },
  "/4W6-WebServices/__docusaurus/debug/routes-4e7": {
    "__comp": "__comp---theme-debug-routes-946-699",
    "__context": {
      "plugin": "plugin---4-w-6-web-services-docusaurus-debugb-38-009"
    }
  },
  "/4W6-WebServices/-7bb": {
    "__comp": "__comp---theme-docs-root-5-e-9-0b6",
    "__context": {
      "plugin": "plugin---4-w-6-web-services-aba-c25"
    }
  },
  "/4W6-WebServices/-dd6": {
    "__comp": "__comp---theme-doc-version-roota-7-b-5de",
    "__props": "__props---4-w-6-web-services-5-a-7-e55"
  },
  "/4W6-WebServices/-9a4": {
    "__comp": "__comp---theme-doc-roota-94-67a"
  },
  "/4W6-WebServices/notes/rencontre1.1-e18": {
    "__comp": "__comp---theme-doc-item-178-a40",
    "content": "content---4-w-6-web-services-notes-rencontre-1-1640-382"
  },
  "/4W6-WebServices/notes/rencontre1.2-3e7": {
    "__comp": "__comp---theme-doc-item-178-a40",
    "content": "content---4-w-6-web-services-notes-rencontre-1-2-f-0-f-3d1"
  },
  "/4W6-WebServices/notes/rencontre2.1-f13": {
    "__comp": "__comp---theme-doc-item-178-a40",
    "content": "content---4-w-6-web-services-notes-rencontre-2-10-c-7-5aa"
  },
  "/4W6-WebServices/notes/rencontre3.1-8b6": {
    "__comp": "__comp---theme-doc-item-178-a40",
    "content": "content---4-w-6-web-services-notes-rencontre-3-1-b-65-420"
  },
  "/4W6-WebServices/notes/rencontre3.2-f2d": {
    "__comp": "__comp---theme-doc-item-178-a40",
    "content": "content---4-w-6-web-services-notes-rencontre-3-28-de-c5f"
  },
  "/4W6-WebServices/notes/rencontre4.1-76b": {
    "__comp": "__comp---theme-doc-item-178-a40",
    "content": "content---4-w-6-web-services-notes-rencontre-4-120-a-40a"
  },
  "/4W6-WebServices/notes/rencontre4.2-0bc": {
    "__comp": "__comp---theme-doc-item-178-a40",
    "content": "content---4-w-6-web-services-notes-rencontre-4-2435-c9a"
  },
  "/4W6-WebServices/-866": {
    "__comp": "__comp---theme-doc-item-178-a40",
    "content": "content---4-w-6-web-services-b-62-fc5"
  }
}