{
  "id": "tp/tp1",
  "title": "TP1 - Dernière musique FM (5%)",
  "description": "⏰ Date de remise : 10 février à 23h59. (Remise sur Git uniquement)",
  "source": "@site/docs/02-tp/01-tp1.md",
  "sourceDirName": "02-tp",
  "slug": "/tp/tp1",
  "permalink": "/4W6-WebServices/tp/tp1",
  "draft": false,
  "unlisted": false,
  "editUrl": "https://github.com/departement-info-cem/4W6-WebServices/tree/main/web/docs/02-tp/01-tp1.md",
  "tags": [],
  "version": "current",
  "sidebarPosition": 1,
  "frontMatter": {},
  "sidebar": "tp",
  "next": {
    "title": "TP2 - Spot-moi (20%)",
    "permalink": "/4W6-WebServices/tp/tp2"
  }
}