{
  "id": "accueil",
  "title": "Site Web du cours Programmation Web orientée services",
  "description": "✅📚 Vous retrouverez sur ce site Web toutes les notes de cours, laboratoires et TPs pour le cours Programmation",
  "source": "@site/docs/accueil.md",
  "sourceDirName": ".",
  "slug": "/",
  "permalink": "/4W6-WebServices/",
  "draft": false,
  "unlisted": false,
  "editUrl": "https://github.com/departement-info-cem/4W6-WebServices/tree/main/web/docs/accueil.md",
  "tags": [],
  "version": "current",
  "sidebarPosition": 1,
  "frontMatter": {
    "sidebar_position": 1,
    "slug": "/"
  }
}