{
  "id": "cours/rencontre10.2",
  "title": "Cours 20 - Serveur d'images",
  "description": "",
  "source": "@site/docs/01-cours/20-rencontre10.2.md",
  "sourceDirName": "01-cours",
  "slug": "/cours/rencontre10.2",
  "permalink": "/4W6-WebServices/cours/rencontre10.2",
  "draft": false,
  "unlisted": false,
  "editUrl": "https://github.com/departement-info-cem/4W6-WebServices/tree/main/web/docs/01-cours/20-rencontre10.2.md",
  "tags": [],
  "version": "current",
  "sidebarPosition": 20,
  "frontMatter": {},
  "sidebar": "docs",
  "previous": {
    "title": "Cours 19 - TP3 (10%)",
    "permalink": "/4W6-WebServices/cours/rencontre10.1"
  }
}