{
  "id": "cours/rencontre11.1",
  "title": "Cours 21 - Librairies JS",
  "description": "",
  "source": "@site/docs/01-cours/21-rencontre11.1.md",
  "sourceDirName": "01-cours",
  "slug": "/cours/rencontre11.1",
  "permalink": "/4W6-WebServices/cours/rencontre11.1",
  "draft": false,
  "unlisted": false,
  "editUrl": "https://github.com/departement-info-cem/4W6-WebServices/tree/main/web/docs/01-cours/21-rencontre11.1.md",
  "tags": [],
  "version": "current",
  "sidebarPosition": 21,
  "frontMatter": {},
  "sidebar": "docs",
  "previous": {
    "title": "Cours 20 - Serveur d'images",
    "permalink": "/4W6-WebServices/cours/rencontre10.2"
  },
  "next": {
    "title": "Cours 22 - Rôles",
    "permalink": "/4W6-WebServices/cours/rencontre11.2"
  }
}