{
  "id": "cours/rencontre9.1",
  "title": "Cours 18 - Retours, sécurité, seed",
  "description": "📬 Retours",
  "source": "@site/docs/04-cours/18-rencontre9.1.md",
  "sourceDirName": "04-cours",
  "slug": "/cours/rencontre9.1",
  "permalink": "/4W6-WebServices/cours/rencontre9.1",
  "draft": false,
  "unlisted": false,
  "editUrl": "https://github.com/departement-info-cem/4W6-WebServices/tree/main/web/docs/04-cours/18-rencontre9.1.md",
  "tags": [],
  "version": "current",
  "sidebarPosition": 18,
  "frontMatter": {},
  "sidebar": "cours",
  "previous": {
    "title": "Cours 17 - Gestion utilisateurs",
    "permalink": "/4W6-WebServices/cours/rencontre8.2"
  },
  "next": {
    "title": "Cours 19 - TP3 (10%)",
    "permalink": "/4W6-WebServices/cours/rencontre9.2"
  }
}