{
  "id": "cours/rencontre9.2",
  "title": "Cours 19 - TP3 (10%)",
  "description": "",
  "source": "@site/docs/01-cours/19-rencontre9.2.md",
  "sourceDirName": "01-cours",
  "slug": "/cours/rencontre9.2",
  "permalink": "/4W6-WebServices/cours/rencontre9.2",
  "draft": false,
  "unlisted": false,
  "editUrl": "https://github.com/departement-info-cem/4W6-WebServices/tree/main/web/docs/01-cours/19-rencontre9.2.md",
  "tags": [],
  "version": "current",
  "sidebarPosition": 19,
  "frontMatter": {}
}