{
  "id": "cours/rencontre13.2",
  "title": "Cours 27 - TP4 (25%)",
  "description": "",
  "source": "@site/docs/04-cours/27-rencontre13.2.md",
  "sourceDirName": "04-cours",
  "slug": "/cours/rencontre13.2",
  "permalink": "/4W6-WebServices/cours/rencontre13.2",
  "draft": false,
  "unlisted": false,
  "editUrl": "https://github.com/departement-info-cem/4W6-WebServices/tree/main/web/docs/04-cours/27-rencontre13.2.md",
  "tags": [],
  "version": "current",
  "sidebarPosition": 27,
  "frontMatter": {},
  "sidebar": "cours",
  "previous": {
    "title": "Cours 26 - TP4 (25%)",
    "permalink": "/4W6-WebServices/cours/rencontre13.1"
  },
  "next": {
    "title": "Cours 28 - TP4 (25%)",
    "permalink": "/4W6-WebServices/cours/rencontre14.1"
  }
}