{
  "id": "cours/rencontre6.1",
  "title": "Cours 11 - TP2 (20%)",
  "description": "",
  "source": "@site/docs/01-cours/11-rencontre6.1.md",
  "sourceDirName": "01-cours",
  "slug": "/cours/rencontre6.1",
  "permalink": "/4W6-WebServices/cours/rencontre6.1",
  "draft": false,
  "unlisted": false,
  "editUrl": "https://github.com/departement-info-cem/4W6-WebServices/tree/main/web/docs/01-cours/11-rencontre6.1.md",
  "tags": [],
  "version": "current",
  "sidebarPosition": 11,
  "frontMatter": {}
}