{
  "id": "notes/rencontre3.2",
  "title": "Cours 6 - Contexts et hooks",
  "description": "Nous avons appris comment créer et utiliser plusieurs composants. Il reste cependant certains défis à adresser pour pouvoir utiliser plusieurs composants stratégiquement.",
  "source": "@site/docs/01-notes/06-rencontre3.2.md",
  "sourceDirName": "01-notes",
  "slug": "/notes/rencontre3.2",
  "permalink": "/4W6-WebServices/notes/rencontre3.2",
  "draft": false,
  "unlisted": false,
  "editUrl": "https://github.com/departement-info-cem/4W6-WebServices/tree/main/web/docs/01-notes/06-rencontre3.2.md",
  "tags": [],
  "version": "current",
  "sidebarPosition": 6,
  "frontMatter": {},
  "sidebar": "docs",
  "previous": {
    "title": "Cours 5 - Plusieurs composants",
    "permalink": "/4W6-WebServices/notes/rencontre3.1"
  },
  "next": {
    "title": "Cours 7 - Stockage, i18n, token",
    "permalink": "/4W6-WebServices/notes/rencontre4.1"
  }
}