{
  "id": "cours/rencontre6.2",
  "title": "Cours 13 - Intra formatif",
  "description": "Voici le formatif. Les instructions sont dans un document Word. Le format et fonctionnement du sommatif seront identiques !",
  "source": "@site/docs/01-cours/13-rencontre6.2.md",
  "sourceDirName": "01-cours",
  "slug": "/cours/rencontre6.2",
  "permalink": "/4W6-WebServices/cours/rencontre6.2",
  "draft": false,
  "unlisted": false,
  "editUrl": "https://github.com/departement-info-cem/4W6-WebServices/tree/main/web/docs/01-cours/13-rencontre6.2.md",
  "tags": [],
  "version": "current",
  "sidebarPosition": 13,
  "frontMatter": {}
}