{
  "id": "cours/rencontre9.1",
  "title": "Cours 18 - Retours, sécurité, seed",
  "description": "📬 Retours",
  "source": "@site/docs/01-cours/18-rencontre9.1.md",
  "sourceDirName": "01-cours",
  "slug": "/cours/rencontre9.1",
  "permalink": "/4W6-WebServices/cours/rencontre9.1",
  "draft": false,
  "unlisted": false,
  "editUrl": "https://github.com/departement-info-cem/4W6-WebServices/tree/main/web/docs/01-cours/18-rencontre9.1.md",
  "tags": [],
  "version": "current",
  "sidebarPosition": 18,
  "frontMatter": {}
}