{
  "id": "cours/rencontre7.2",
  "title": "Cours 15 - Intro Web API",
  "description": "😴 Architecture REST",
  "source": "@site/docs/01-cours/15-rencontre7.2.md",
  "sourceDirName": "01-cours",
  "slug": "/cours/rencontre7.2",
  "permalink": "/4W6-WebServices/cours/rencontre7.2",
  "draft": false,
  "unlisted": false,
  "editUrl": "https://github.com/departement-info-cem/4W6-WebServices/tree/main/web/docs/01-cours/15-rencontre7.2.md",
  "tags": [],
  "version": "current",
  "sidebarPosition": 15,
  "frontMatter": {}
}