{
  "id": "cours/rencontre5.2",
  "title": "Cours 10 - TP2 (20%)",
  "description": "",
  "source": "@site/docs/04-cours/10-rencontre5.2.md",
  "sourceDirName": "04-cours",
  "slug": "/cours/rencontre5.2",
  "permalink": "/4W6-WebServices/cours/rencontre5.2",
  "draft": false,
  "unlisted": false,
  "editUrl": "https://github.com/departement-info-cem/4W6-WebServices/tree/main/web/docs/04-cours/10-rencontre5.2.md",
  "tags": [],
  "version": "current",
  "sidebarPosition": 10,
  "frontMatter": {},
  "sidebar": "cours",
  "previous": {
    "title": "Cours 9 - TP2 (20%)",
    "permalink": "/4W6-WebServices/cours/rencontre5.1"
  },
  "next": {
    "title": "Cours 11 - TP2 (20%)",
    "permalink": "/4W6-WebServices/cours/rencontre6.1"
  }
}