{
  "id": "cours/rencontre10.1",
  "title": "Cours 20 - TP3 (10%)",
  "description": "",
  "source": "@site/docs/01-cours/20-rencontre10.1.md",
  "sourceDirName": "01-cours",
  "slug": "/cours/rencontre10.1",
  "permalink": "/4W6-WebServices/cours/rencontre10.1",
  "draft": false,
  "unlisted": false,
  "editUrl": "https://github.com/departement-info-cem/4W6-WebServices/tree/main/web/docs/01-cours/20-rencontre10.1.md",
  "tags": [],
  "version": "current",
  "sidebarPosition": 20,
  "frontMatter": {}
}