{
  "id": "cours/rencontre15.1",
  "title": "Cours 29 - Final formatif",
  "description": "Voici le formatif. Les instructions sont dans un document Word.",
  "source": "@site/docs/04-cours/29-rencontre15.1.md",
  "sourceDirName": "04-cours",
  "slug": "/cours/rencontre15.1",
  "permalink": "/4W6-WebServices/cours/rencontre15.1",
  "draft": false,
  "unlisted": false,
  "editUrl": "https://github.com/departement-info-cem/4W6-WebServices/tree/main/web/docs/04-cours/29-rencontre15.1.md",
  "tags": [],
  "version": "current",
  "sidebarPosition": 29,
  "frontMatter": {},
  "sidebar": "cours",
  "previous": {
    "title": "Cours 28 - TP4 (25%)",
    "permalink": "/4W6-WebServices/cours/rencontre14.1"
  },
  "next": {
    "title": "Cours 30 - Final sommatif (25%)",
    "permalink": "/4W6-WebServices/cours/rencontre15.2"
  }
}