{
  "id": "notes/rencontre5.2",
  "title": "Cours 10 - TP2 (20%)",
  "description": "",
  "source": "@site/docs/01-notes/10-rencontre5.2.md",
  "sourceDirName": "01-notes",
  "slug": "/notes/rencontre5.2",
  "permalink": "/4W6-WebServices/notes/rencontre5.2",
  "draft": false,
  "unlisted": false,
  "editUrl": "https://github.com/departement-info-cem/4W6-WebServices/tree/main/web/docs/01-notes/10-rencontre5.2.md",
  "tags": [],
  "version": "current",
  "sidebarPosition": 10,
  "frontMatter": {},
  "sidebar": "docs",
  "previous": {
    "title": "Cours 9 - TP2 (20%)",
    "permalink": "/4W6-WebServices/notes/rencontre5.1"
  },
  "next": {
    "title": "Cours 11 - TP2 (20%)",
    "permalink": "/4W6-WebServices/notes/rencontre6.1"
  }
}