{
  "id": "labos/labo15",
  "title": "Laboratoire 15",
  "description": "Bannière du site",
  "source": "@site/docs/03-labos/07-labo15.md",
  "sourceDirName": "03-labos",
  "slug": "/labos/labo15",
  "permalink": "/4W6-WebServices/labos/labo15",
  "draft": false,
  "unlisted": false,
  "editUrl": "https://github.com/departement-info-cem/4W6-WebServices/tree/main/web/docs/03-labos/07-labo15.md",
  "tags": [],
  "version": "current",
  "sidebarPosition": 7,
  "frontMatter": {},
  "sidebar": "labos",
  "previous": {
    "title": "Laboratoire 14",
    "permalink": "/4W6-WebServices/labos/labo14"
  },
  "next": {
    "title": "Laboratoire 8",
    "permalink": "/4W6-WebServices/labos/labo8"
  }
}