{
  "id": "cours/rencontre2.1",
  "title": "Cours 3 - Requêtes HTTP",
  "description": "✅ Une application Web client Angular peut :",
  "source": "@site/docs/01-cours/03-rencontre2.1.md",
  "sourceDirName": "01-cours",
  "slug": "/cours/rencontre2.1",
  "permalink": "/4W6-WebServices/cours/rencontre2.1",
  "draft": false,
  "unlisted": false,
  "editUrl": "https://github.com/departement-info-cem/4W6-WebServices/tree/main/web/docs/01-cours/03-rencontre2.1.md",
  "tags": [],
  "version": "current",
  "sidebarPosition": 3,
  "frontMatter": {}
}