{
  "id": "labos/labo8",
  "title": "Laboratoire 8",
  "description": "Téléchargez le projet de départ et réinstallez les dépendances.",
  "source": "@site/docs/03-labos/07-labo8.md",
  "sourceDirName": "03-labos",
  "slug": "/labos/labo8",
  "permalink": "/4W6-WebServices/labos/labo8",
  "draft": false,
  "unlisted": false,
  "editUrl": "https://github.com/departement-info-cem/4W6-WebServices/tree/main/web/docs/03-labos/07-labo8.md",
  "tags": [],
  "version": "current",
  "sidebarPosition": 7,
  "frontMatter": {},
  "sidebar": "labos",
  "previous": {
    "title": "Laboratoire 7",
    "permalink": "/4W6-WebServices/labos/labo7"
  }
}