{
  "id": "cours/rencontre13.1",
  "title": "Cours 26 - TP4 (25%)",
  "description": "",
  "source": "@site/docs/01-cours/26-rencontre13.1.md",
  "sourceDirName": "01-cours",
  "slug": "/cours/rencontre13.1",
  "permalink": "/4W6-WebServices/cours/rencontre13.1",
  "draft": false,
  "unlisted": false,
  "editUrl": "https://github.com/departement-info-cem/4W6-WebServices/tree/main/web/docs/01-cours/26-rencontre13.1.md",
  "tags": [],
  "version": "current",
  "sidebarPosition": 26,
  "frontMatter": {},
  "sidebar": "docs",
  "previous": {
    "title": "Cours 25 - TP4 (25%)",
    "permalink": "/4W6-WebServices/cours/rencontre12.2"
  },
  "next": {
    "title": "Cours 27 - TP4 (25%)",
    "permalink": "/4W6-WebServices/cours/rencontre13.2"
  }
}