{
  "id": "notes/rencontre7.2",
  "title": "Cours 14 - Intra sommatif (15%)",
  "description": "",
  "source": "@site/docs/01-notes/14-rencontre7.2.md",
  "sourceDirName": "01-notes",
  "slug": "/notes/rencontre7.2",
  "permalink": "/4W6-WebServices/notes/rencontre7.2",
  "draft": false,
  "unlisted": false,
  "editUrl": "https://github.com/departement-info-cem/4W6-WebServices/tree/main/web/docs/01-notes/14-rencontre7.2.md",
  "tags": [],
  "version": "current",
  "sidebarPosition": 14,
  "frontMatter": {},
  "sidebar": "docs",
  "previous": {
    "title": "Cours 13 - Intra formatif",
    "permalink": "/4W6-WebServices/notes/rencontre7.1"
  }
}