{
  "id": "tp/tp4_patate",
  "title": "TP4 🥔",
  "description": "",
  "source": "@site/docs/02-tp/04-tp4_patate.md",
  "sourceDirName": "02-tp",
  "slug": "/tp/tp4_patate",
  "permalink": "/4W6-WebServices/tp/tp4_patate",
  "draft": false,
  "unlisted": false,
  "editUrl": "https://github.com/departement-info-cem/4W6-WebServices/tree/main/web/docs/02-tp/04-tp4_patate.md",
  "tags": [],
  "version": "current",
  "sidebarPosition": 4,
  "frontMatter": {},
  "sidebar": "tp",
  "previous": {
    "title": "TP3 - Flappy Birb (10%)",
    "permalink": "/4W6-WebServices/tp/tp3"
  },
  "next": {
    "title": "tp4",
    "permalink": "/4W6-WebServices/tp/tp4"
  }
}