{
  "id": "notes/rencontre1.2",
  "title": "Cours 2 - Composant dynamique",
  "description": "Dans de nombreux exemples à partir de ce cours, des classes personnelles sont utilisées à la place des classes Tailwind pour alléger le code HTML des exemples. C'est normal qu'en copiant certains exemples, l'apparence de vos pages Web soit un peu moins pétillant 🌶 !",
  "source": "@site/docs/01-notes/02-rencontre1.2.md",
  "sourceDirName": "01-notes",
  "slug": "/notes/rencontre1.2",
  "permalink": "/4W6-WebServices/notes/rencontre1.2",
  "draft": false,
  "unlisted": false,
  "editUrl": "https://github.com/departement-info-cem/4W6-WebServices/tree/main/web/docs/01-notes/02-rencontre1.2.md",
  "tags": [],
  "version": "current",
  "sidebarPosition": 2,
  "frontMatter": {},
  "sidebar": "docs",
  "previous": {
    "title": "Cours 1 - Intro à React / Next.js",
    "permalink": "/4W6-WebServices/notes/rencontre1.1"
  },
  "next": {
    "title": "Cours 3 - Requêtes HTTP",
    "permalink": "/4W6-WebServices/notes/rencontre2.1"
  }
}