{
  "id": "cours/rencontre11.2",
  "title": "Cours 22 - Git et librairies JS",
  "description": "🎨 Librairies JS",
  "source": "@site/docs/01-cours/22-rencontre11.2.md",
  "sourceDirName": "01-cours",
  "slug": "/cours/rencontre11.2",
  "permalink": "/4W6-WebServices/cours/rencontre11.2",
  "draft": false,
  "unlisted": false,
  "editUrl": "https://github.com/departement-info-cem/4W6-WebServices/tree/main/web/docs/01-cours/22-rencontre11.2.md",
  "tags": [],
  "version": "current",
  "sidebarPosition": 22,
  "frontMatter": {},
  "sidebar": "docs",
  "previous": {
    "title": "Cours 21 - Rôles et signaux",
    "permalink": "/4W6-WebServices/cours/rencontre11.1"
  },
  "next": {
    "title": "Cours 23 - TP4 (25%)",
    "permalink": "/4W6-WebServices/cours/rencontre12.1"
  }
}