{
  "id": "cours/rencontre14.1",
  "title": "Cours 28 - TP4 (25%)",
  "description": "",
  "source": "@site/docs/01-cours/28-rencontre14.1.md",
  "sourceDirName": "01-cours",
  "slug": "/cours/rencontre14.1",
  "permalink": "/4W6-WebServices/cours/rencontre14.1",
  "draft": false,
  "unlisted": false,
  "editUrl": "https://github.com/departement-info-cem/4W6-WebServices/tree/main/web/docs/01-cours/28-rencontre14.1.md",
  "tags": [],
  "version": "current",
  "sidebarPosition": 28,
  "frontMatter": {},
  "sidebar": "docs",
  "previous": {
    "title": "Cours 27 - TP4 (25%)",
    "permalink": "/4W6-WebServices/cours/rencontre13.2"
  },
  "next": {
    "title": "Cours 29 - Final formatif",
    "permalink": "/4W6-WebServices/cours/rencontre15.1"
  }
}