{
  "id": "cours/rencontre5.1",
  "title": "Cours 9 - TP2 (20%)",
  "description": "",
  "source": "@site/docs/04-cours/09-rencontre5.1.md",
  "sourceDirName": "04-cours",
  "slug": "/cours/rencontre5.1",
  "permalink": "/4W6-WebServices/cours/rencontre5.1",
  "draft": false,
  "unlisted": false,
  "editUrl": "https://github.com/departement-info-cem/4W6-WebServices/tree/main/web/docs/04-cours/09-rencontre5.1.md",
  "tags": [],
  "version": "current",
  "sidebarPosition": 9,
  "frontMatter": {},
  "sidebar": "cours",
  "previous": {
    "title": "Cours 8 - Maps, vidéos, pipes",
    "permalink": "/4W6-WebServices/cours/rencontre4.2"
  },
  "next": {
    "title": "Cours 10 - TP2 (20%)",
    "permalink": "/4W6-WebServices/cours/rencontre5.2"
  }
}