{
  "id": "tp/tp4_hotdog",
  "title": "TP4 - 🌭",
  "description": "Cet énoncé précise les fonctionalités du membre 🌭 et donne quelques pistes pour réussir.",
  "source": "@site/docs/02-tp/06-tp4_hotdog.md",
  "sourceDirName": "02-tp",
  "slug": "/tp/tp4_hotdog",
  "permalink": "/4W6-WebServices/tp/tp4_hotdog",
  "draft": false,
  "unlisted": false,
  "editUrl": "https://github.com/departement-info-cem/4W6-WebServices/tree/main/web/docs/02-tp/06-tp4_hotdog.md",
  "tags": [],
  "version": "current",
  "sidebarPosition": 6,
  "frontMatter": {},
  "sidebar": "tp",
  "previous": {
    "title": "TP4 - 🛴",
    "permalink": "/4W6-WebServices/tp/tp4_trottinette"
  }
}