{
  "id": "notes/rencontre4.1",
  "title": "Cours 7 - Stockage, i18n, token",
  "description": "💿 Stockage local",
  "source": "@site/docs/01-notes/07-rencontre4.1.md",
  "sourceDirName": "01-notes",
  "slug": "/notes/rencontre4.1",
  "permalink": "/4W6-WebServices/notes/rencontre4.1",
  "draft": false,
  "unlisted": false,
  "editUrl": "https://github.com/departement-info-cem/4W6-WebServices/tree/main/web/docs/01-notes/07-rencontre4.1.md",
  "tags": [],
  "version": "current",
  "sidebarPosition": 7,
  "frontMatter": {},
  "sidebar": "docs",
  "previous": {
    "title": "Cours 6 - Contexts et hooks",
    "permalink": "/4W6-WebServices/notes/rencontre3.2"
  },
  "next": {
    "title": "Cours 8 - Maps, vidéos, UI",
    "permalink": "/4W6-WebServices/notes/rencontre4.2"
  }
}