{
  "id": "cours/rencontre4.2",
  "title": "Cours 8 - Maps, vidéos, pipes",
  "description": "▶ Intégration YouTube",
  "source": "@site/docs/04-cours/08-rencontre4.2.md",
  "sourceDirName": "04-cours",
  "slug": "/cours/rencontre4.2",
  "permalink": "/4W6-WebServices/cours/rencontre4.2",
  "draft": false,
  "unlisted": false,
  "editUrl": "https://github.com/departement-info-cem/4W6-WebServices/tree/main/web/docs/04-cours/08-rencontre4.2.md",
  "tags": [],
  "version": "current",
  "sidebarPosition": 8,
  "frontMatter": {},
  "sidebar": "cours",
  "previous": {
    "title": "Cours 7 - Stockage, i18n, token",
    "permalink": "/4W6-WebServices/cours/rencontre4.1"
  },
  "next": {
    "title": "Cours 9 - TP2 (20%)",
    "permalink": "/4W6-WebServices/cours/rencontre5.1"
  }
}