{
  "id": "notes/rencontre7.1",
  "title": "Cours 13 - Intra formatif",
  "description": "<!-- Voici le formatif. Les instructions sont dans un document Word. Le format et fonctionnement du sommatif seront identiques !",
  "source": "@site/docs/01-notes/13-rencontre7.1.md",
  "sourceDirName": "01-notes",
  "slug": "/notes/rencontre7.1",
  "permalink": "/4W6-WebServices/notes/rencontre7.1",
  "draft": false,
  "unlisted": false,
  "editUrl": "https://github.com/departement-info-cem/4W6-WebServices/tree/main/web/docs/01-notes/13-rencontre7.1.md",
  "tags": [],
  "version": "current",
  "sidebarPosition": 13,
  "frontMatter": {},
  "sidebar": "docs",
  "previous": {
    "title": "Cours 12 - TP2 (20%)",
    "permalink": "/4W6-WebServices/notes/rencontre.6.2"
  }
}