{
  "id": "cours/rencontre5.2",
  "title": "Cours 10 - TP2 (20%)",
  "description": "",
  "source": "@site/docs/01-cours/10-rencontre5.2.md",
  "sourceDirName": "01-cours",
  "slug": "/cours/rencontre5.2",
  "permalink": "/4W6-WebServices/cours/rencontre5.2",
  "draft": false,
  "unlisted": false,
  "editUrl": "https://github.com/departement-info-cem/4W6-WebServices/tree/main/web/docs/01-cours/10-rencontre5.2.md",
  "tags": [],
  "version": "current",
  "sidebarPosition": 10,
  "frontMatter": {}
}