{
  "id": "cours/rencontre9.2",
  "title": "Cours 18 - TP3 (10%)",
  "description": "",
  "source": "@site/docs/01-cours/18-rencontre9.2.md",
  "sourceDirName": "01-cours",
  "slug": "/cours/rencontre9.2",
  "permalink": "/4W6-WebServices/cours/rencontre9.2",
  "draft": false,
  "unlisted": false,
  "editUrl": "https://github.com/departement-info-cem/4W6-WebServices/tree/main/web/docs/01-cours/18-rencontre9.2.md",
  "tags": [],
  "version": "current",
  "sidebarPosition": 18,
  "frontMatter": {},
  "sidebar": "docs",
  "previous": {
    "title": "Cours 17 - Retours, sécurité, seed",
    "permalink": "/4W6-WebServices/cours/rencontre9.1"
  },
  "next": {
    "title": "Cours 19 - TP3 (10%)",
    "permalink": "/4W6-WebServices/cours/rencontre10.1"
  }
}