{
  "id": "labos/labo16",
  "title": "Laboratoire 16½",
  "description": "Ce laboratoire couvre les notions des cours 16 et 17.",
  "source": "@site/docs/03-labos/08-labo16.md",
  "sourceDirName": "03-labos",
  "slug": "/labos/labo16",
  "permalink": "/4W6-WebServices/labos/labo16",
  "draft": false,
  "unlisted": false,
  "editUrl": "https://github.com/departement-info-cem/4W6-WebServices/tree/main/web/docs/03-labos/08-labo16.md",
  "tags": [],
  "version": "current",
  "sidebarPosition": 8,
  "frontMatter": {},
  "sidebar": "labos",
  "previous": {
    "title": "Laboratoire 14",
    "permalink": "/4W6-WebServices/labos/labo14"
  },
  "next": {
    "title": "Laboratoire 15",
    "permalink": "/4W6-WebServices/labos/labo15"
  }
}