{
  "id": "labos/labo3",
  "title": "Laboratoire 3",
  "description": "Commencez par télécharger le ⛔ projet de départ pour ce laboratoire. 🎁",
  "source": "@site/docs/03-labos/03-labo3.md",
  "sourceDirName": "03-labos",
  "slug": "/labos/labo3",
  "permalink": "/4W6-WebServices/labos/labo3",
  "draft": false,
  "unlisted": false,
  "editUrl": "https://github.com/departement-info-cem/4W6-WebServices/tree/main/web/docs/03-labos/03-labo3.md",
  "tags": [],
  "version": "current",
  "sidebarPosition": 3,
  "frontMatter": {},
  "sidebar": "labos",
  "previous": {
    "title": "Laboratoire 2",
    "permalink": "/4W6-WebServices/labos/labo2"
  },
  "next": {
    "title": "Laboratoire 5",
    "permalink": "/4W6-WebServices/labos/labo5"
  }
}