{
  "id": "cours/rencontre1.2",
  "title": "Cours 2 - Composant dynamique",
  "description": "Ce cours aborde l'interaction entre la classe TypeScript d'un composant et son template HTML.",
  "source": "@site/docs/04-cours/02-rencontre1.2.md",
  "sourceDirName": "04-cours",
  "slug": "/cours/rencontre1.2",
  "permalink": "/4W6-WebServices/cours/rencontre1.2",
  "draft": false,
  "unlisted": false,
  "editUrl": "https://github.com/departement-info-cem/4W6-WebServices/tree/main/web/docs/04-cours/02-rencontre1.2.md",
  "tags": [],
  "version": "current",
  "sidebarPosition": 2,
  "frontMatter": {},
  "sidebar": "cours",
  "previous": {
    "title": "Cours 1 - Intro à Angular",
    "permalink": "/4W6-WebServices/cours/rencontre1.1"
  },
  "next": {
    "title": "Cours 3 - Requêtes HTTP",
    "permalink": "/4W6-WebServices/cours/rencontre2.1"
  }
}