{
  "id": "tp/tp4_trottinette",
  "title": "TP4 - 🛴",
  "description": "Cet énoncé précise les fonctionalités du membre 🛴 et donne quelques pistes pour réussir.",
  "source": "@site/docs/02-tp/05-tp4_trottinette.md",
  "sourceDirName": "02-tp",
  "slug": "/tp/tp4_trottinette",
  "permalink": "/4W6-WebServices/tp/tp4_trottinette",
  "draft": false,
  "unlisted": false,
  "editUrl": "https://github.com/departement-info-cem/4W6-WebServices/tree/main/web/docs/02-tp/05-tp4_trottinette.md",
  "tags": [],
  "version": "current",
  "sidebarPosition": 5,
  "frontMatter": {},
  "sidebar": "tp",
  "previous": {
    "title": "TP4 - Post Hub (25%)",
    "permalink": "/4W6-WebServices/tp/tp4"
  },
  "next": {
    "title": "TP4 - 🌭",
    "permalink": "/4W6-WebServices/tp/tp4_hotdog"
  }
}