{
  "id": "notes/rencontre3.1",
  "title": "Cours 5 - Plusieurs composants",
  "description": "Utiliser plusieurs composants permettra de « naviguer sur plusieurs pages Web » et permettra également d'éviter",
  "source": "@site/docs/01-notes/05-rencontre3.1.md",
  "sourceDirName": "01-notes",
  "slug": "/notes/rencontre3.1",
  "permalink": "/4W6-WebServices/notes/rencontre3.1",
  "draft": false,
  "unlisted": false,
  "editUrl": "https://github.com/departement-info-cem/4W6-WebServices/tree/main/web/docs/01-notes/05-rencontre3.1.md",
  "tags": [],
  "version": "current",
  "sidebarPosition": 5,
  "frontMatter": {},
  "sidebar": "docs",
  "previous": {
    "title": "Cours 3 - Requêtes HTTP",
    "permalink": "/4W6-WebServices/notes/rencontre2.1"
  },
  "next": {
    "title": "Cours 6 - Contexts et hooks",
    "permalink": "/4W6-WebServices/notes/rencontre3.2"
  }
}