{
  "id": "cours/rencontre11.2",
  "title": "Cours 23 - Git et librairies JS",
  "description": "🎨 Librairies JS",
  "source": "@site/docs/01-cours/23-rencontre11.2.md",
  "sourceDirName": "01-cours",
  "slug": "/cours/rencontre11.2",
  "permalink": "/4W6-WebServices/cours/rencontre11.2",
  "draft": false,
  "unlisted": false,
  "editUrl": "https://github.com/departement-info-cem/4W6-WebServices/tree/main/web/docs/01-cours/23-rencontre11.2.md",
  "tags": [],
  "version": "current",
  "sidebarPosition": 23,
  "frontMatter": {}
}