{
  "id": "cours/rencontre10.2",
  "title": "Cours 21 - Serveur d'images",
  "description": "En résumé, nous allons voir comment ...",
  "source": "@site/docs/04-cours/21-rencontre10.2.md",
  "sourceDirName": "04-cours",
  "slug": "/cours/rencontre10.2",
  "permalink": "/4W6-WebServices/cours/rencontre10.2",
  "draft": false,
  "unlisted": false,
  "editUrl": "https://github.com/departement-info-cem/4W6-WebServices/tree/main/web/docs/04-cours/21-rencontre10.2.md",
  "tags": [],
  "version": "current",
  "sidebarPosition": 21,
  "frontMatter": {},
  "sidebar": "cours",
  "previous": {
    "title": "Cours 20 - TP3 (10%)",
    "permalink": "/4W6-WebServices/cours/rencontre10.1"
  },
  "next": {
    "title": "Cours 22 - Rôles et signaux",
    "permalink": "/4W6-WebServices/cours/rencontre11.1"
  }
}