{
  "id": "labos/labo5 copy",
  "title": "Laboratoire 5",
  "description": "",
  "source": "@site/docs/03-labos/04-labo5 copy.md",
  "sourceDirName": "03-labos",
  "slug": "/labos/labo5 copy",
  "permalink": "/4W6-WebServices/labos/labo5 copy",
  "draft": false,
  "unlisted": false,
  "editUrl": "https://github.com/departement-info-cem/4W6-WebServices/tree/main/web/docs/03-labos/04-labo5 copy.md",
  "tags": [],
  "version": "current",
  "sidebarPosition": 4,
  "frontMatter": {},
  "sidebar": "labos",
  "previous": {
    "title": "Laboratoire 3",
    "permalink": "/4W6-WebServices/labos/labo3"
  },
  "next": {
    "title": "Laboratoire 5",
    "permalink": "/4W6-WebServices/labos/labo5"
  }
}