{
  "id": "tp/tp4_trotinette",
  "title": "TP4 🥔",
  "description": "",
  "source": "@site/docs/02-tp/05-tp4_trotinette.md",
  "sourceDirName": "02-tp",
  "slug": "/tp/tp4_trotinette",
  "permalink": "/4W6-WebServices/tp/tp4_trotinette",
  "draft": false,
  "unlisted": false,
  "editUrl": "https://github.com/departement-info-cem/4W6-WebServices/tree/main/web/docs/02-tp/05-tp4_trotinette.md",
  "tags": [],
  "version": "current",
  "sidebarPosition": 5,
  "frontMatter": {},
  "sidebar": "tp",
  "previous": {
    "title": "TP4",
    "permalink": "/4W6-WebServices/tp/tp4"
  },
  "next": {
    "title": "TP4 🌭",
    "permalink": "/4W6-WebServices/tp/tp4_hotdog"
  }
}