{
  "id": "cours/rencontre8.2",
  "title": "Cours 17 - Gestion utilisateurs",
  "description": "📦 Packages nécessaires",
  "source": "@site/docs/04-cours/17-rencontre8.2.md",
  "sourceDirName": "04-cours",
  "slug": "/cours/rencontre8.2",
  "permalink": "/4W6-WebServices/cours/rencontre8.2",
  "draft": false,
  "unlisted": false,
  "editUrl": "https://github.com/departement-info-cem/4W6-WebServices/tree/main/web/docs/04-cours/17-rencontre8.2.md",
  "tags": [],
  "version": "current",
  "sidebarPosition": 17,
  "frontMatter": {},
  "sidebar": "cours",
  "previous": {
    "title": "Cours 16 - Relations et services",
    "permalink": "/4W6-WebServices/cours/rencontre8.1"
  },
  "next": {
    "title": "Cours 18 - Retours, sécurité, seed",
    "permalink": "/4W6-WebServices/cours/rencontre9.1"
  }
}