{
  "id": "cours/rencontre11.1",
  "title": "Cours 22 - Rôles et signaux",
  "description": "👮‍♀️👨‍🍳 Rôles",
  "source": "@site/docs/01-cours/22-rencontre11.1.md",
  "sourceDirName": "01-cours",
  "slug": "/cours/rencontre11.1",
  "permalink": "/4W6-WebServices/cours/rencontre11.1",
  "draft": false,
  "unlisted": false,
  "editUrl": "https://github.com/departement-info-cem/4W6-WebServices/tree/main/web/docs/01-cours/22-rencontre11.1.md",
  "tags": [],
  "version": "current",
  "sidebarPosition": 22,
  "frontMatter": {}
}