{
  "id": "cours/rencontre8.1",
  "title": "Cours 16 - Relations et services",
  "description": "💍 Relations",
  "source": "@site/docs/01-cours/16-rencontre8.1.md",
  "sourceDirName": "01-cours",
  "slug": "/cours/rencontre8.1",
  "permalink": "/4W6-WebServices/cours/rencontre8.1",
  "draft": false,
  "unlisted": false,
  "editUrl": "https://github.com/departement-info-cem/4W6-WebServices/tree/main/web/docs/01-cours/16-rencontre8.1.md",
  "tags": [],
  "version": "current",
  "sidebarPosition": 16,
  "frontMatter": {}
}