{
  "id": "labos/labo6",
  "title": "Laboratoire 6",
  "description": "Bannière du labo 6",
  "source": "@site/docs/03-labos/05-labo6.md",
  "sourceDirName": "03-labos",
  "slug": "/labos/labo6",
  "permalink": "/4W6-WebServices/labos/labo6",
  "draft": false,
  "unlisted": false,
  "editUrl": "https://github.com/departement-info-cem/4W6-WebServices/tree/main/web/docs/03-labos/05-labo6.md",
  "tags": [],
  "version": "current",
  "sidebarPosition": 5,
  "frontMatter": {},
  "sidebar": "labos",
  "previous": {
    "title": "Laboratoire 5",
    "permalink": "/4W6-WebServices/labos/labo5"
  },
  "next": {
    "title": "Laboratoire 7",
    "permalink": "/4W6-WebServices/labos/labo7"
  }
}