{
  "id": "labos/labo14",
  "title": "Laboratoire 14",
  "description": "Un projet de départ Angular vous est fourni pour ce labo. Vous devrez créer le projet ASP.NET Core Web API vous-mêmes cela dit.",
  "source": "@site/docs/03-labos/07-labo14.md",
  "sourceDirName": "03-labos",
  "slug": "/labos/labo14",
  "permalink": "/4W6-WebServices/labos/labo14",
  "draft": false,
  "unlisted": false,
  "editUrl": "https://github.com/departement-info-cem/4W6-WebServices/tree/main/web/docs/03-labos/07-labo14.md",
  "tags": [],
  "version": "current",
  "sidebarPosition": 7,
  "frontMatter": {},
  "sidebar": "labos",
  "previous": {
    "title": "Laboratoire 7",
    "permalink": "/4W6-WebServices/labos/labo7"
  },
  "next": {
    "title": "Laboratoire 8",
    "permalink": "/4W6-WebServices/labos/labo8"
  }
}