{
  "id": "cours/rencontre.6.15",
  "title": "Cours 12 - TP2 (20%)",
  "description": "",
  "source": "@site/docs/01-cours/12-rencontre.6.15.md",
  "sourceDirName": "01-cours",
  "slug": "/cours/rencontre.6.15",
  "permalink": "/4W6-WebServices/cours/rencontre.6.15",
  "draft": false,
  "unlisted": false,
  "editUrl": "https://github.com/departement-info-cem/4W6-WebServices/tree/main/web/docs/01-cours/12-rencontre.6.15.md",
  "tags": [],
  "version": "current",
  "sidebarPosition": 12,
  "frontMatter": {}
}