{
  "id": "cours/rencontre8.2",
  "title": "Cours 17 - Gestion utilisateurs",
  "description": "📦 Packages nécessaires",
  "source": "@site/docs/01-cours/17-rencontre8.2.md",
  "sourceDirName": "01-cours",
  "slug": "/cours/rencontre8.2",
  "permalink": "/4W6-WebServices/cours/rencontre8.2",
  "draft": false,
  "unlisted": false,
  "editUrl": "https://github.com/departement-info-cem/4W6-WebServices/tree/main/web/docs/01-cours/17-rencontre8.2.md",
  "tags": [],
  "version": "current",
  "sidebarPosition": 17,
  "frontMatter": {}
}