{
  "id": "cours/rencontre4.1",
  "title": "Cours 7 - Stockage, i18n, token",
  "description": "💾 Stockage local",
  "source": "@site/docs/01-cours/07-rencontre4.1.md",
  "sourceDirName": "01-cours",
  "slug": "/cours/rencontre4.1",
  "permalink": "/4W6-WebServices/cours/rencontre4.1",
  "draft": false,
  "unlisted": false,
  "editUrl": "https://github.com/departement-info-cem/4W6-WebServices/tree/main/web/docs/01-cours/07-rencontre4.1.md",
  "tags": [],
  "version": "current",
  "sidebarPosition": 7,
  "frontMatter": {}
}