{
  "id": "cours/rencontre3.2",
  "title": "Cours 6 - Services",
  "description": "⚙ Les services sont des classes TypeScript qui ne sont associées à aucun code HTML ou CSS.",
  "source": "@site/docs/01-cours/06-rencontre3.2.md",
  "sourceDirName": "01-cours",
  "slug": "/cours/rencontre3.2",
  "permalink": "/4W6-WebServices/cours/rencontre3.2",
  "draft": false,
  "unlisted": false,
  "editUrl": "https://github.com/departement-info-cem/4W6-WebServices/tree/main/web/docs/01-cours/06-rencontre3.2.md",
  "tags": [],
  "version": "current",
  "sidebarPosition": 6,
  "frontMatter": {}
}