{
  "id": "notes/rencontre4.2",
  "title": "Cours 8 - Maps, vidéos, UI",
  "description": "▶ Intégration YouTube",
  "source": "@site/docs/01-notes/08-rencontre4.2.md",
  "sourceDirName": "01-notes",
  "slug": "/notes/rencontre4.2",
  "permalink": "/4W6-WebServices/notes/rencontre4.2",
  "draft": false,
  "unlisted": false,
  "editUrl": "https://github.com/departement-info-cem/4W6-WebServices/tree/main/web/docs/01-notes/08-rencontre4.2.md",
  "tags": [],
  "version": "current",
  "sidebarPosition": 8,
  "frontMatter": {},
  "sidebar": "docs",
  "previous": {
    "title": "Cours 7 - Stockage, i18n, token",
    "permalink": "/4W6-WebServices/notes/rencontre4.1"
  }
}