{
  "id": "tp/tp4",
  "title": "TP4 - Post Hub (25%)",
  "description": "Bannière",
  "source": "@site/docs/02-tp/04-tp4.md",
  "sourceDirName": "02-tp",
  "slug": "/tp/tp4",
  "permalink": "/4W6-WebServices/tp/tp4",
  "draft": false,
  "unlisted": false,
  "editUrl": "https://github.com/departement-info-cem/4W6-WebServices/tree/main/web/docs/02-tp/04-tp4.md",
  "tags": [],
  "version": "current",
  "sidebarPosition": 4,
  "frontMatter": {},
  "sidebar": "tp",
  "previous": {
    "title": "TP3 - Flappy Birb (10%)",
    "permalink": "/4W6-WebServices/tp/tp3"
  },
  "next": {
    "title": "TP4 - 🛴",
    "permalink": "/4W6-WebServices/tp/tp4_trottinette"
  }
}