{
  "id": "labos/labo21",
  "title": "Laboratoire 22 💩",
  "description": "Bannière décorative",
  "source": "@site/docs/03-labos/12-labo21.md",
  "sourceDirName": "03-labos",
  "slug": "/labos/labo21",
  "permalink": "/4W6-WebServices/labos/labo21",
  "draft": false,
  "unlisted": false,
  "editUrl": "https://github.com/departement-info-cem/4W6-WebServices/tree/main/web/docs/03-labos/12-labo21.md",
  "tags": [],
  "version": "current",
  "sidebarPosition": 12,
  "frontMatter": {},
  "sidebar": "labos",
  "previous": {
    "title": "Laboratoire 21 💩",
    "permalink": "/4W6-WebServices/labos/labo20"
  }
}