{
  "id": "cours/rencontre12.2",
  "title": "Cours 25 - TP4 (25%)",
  "description": "",
  "source": "@site/docs/01-cours/25-rencontre12.2.md",
  "sourceDirName": "01-cours",
  "slug": "/cours/rencontre12.2",
  "permalink": "/4W6-WebServices/cours/rencontre12.2",
  "draft": false,
  "unlisted": false,
  "editUrl": "https://github.com/departement-info-cem/4W6-WebServices/tree/main/web/docs/01-cours/25-rencontre12.2.md",
  "tags": [],
  "version": "current",
  "sidebarPosition": 25,
  "frontMatter": {}
}