{
  "id": "labos/labo20",
  "title": "Laboratoire 20",
  "description": "📦 Un projet serveur et un projet client vous sont fournis. N'exécutez pas tout de suite le serveur, il y aura un modèle à ajouter, une migration à créer puis à exécuter plus tard.",
  "source": "@site/docs/03-labos/09-labo20.md",
  "sourceDirName": "03-labos",
  "slug": "/labos/labo20",
  "permalink": "/4W6-WebServices/labos/labo20",
  "draft": false,
  "unlisted": false,
  "editUrl": "https://github.com/departement-info-cem/4W6-WebServices/tree/main/web/docs/03-labos/09-labo20.md",
  "tags": [],
  "version": "current",
  "sidebarPosition": 9,
  "frontMatter": {},
  "sidebar": "labos",
  "previous": {
    "title": "Laboratoire 15",
    "permalink": "/4W6-WebServices/labos/labo15"
  },
  "next": {
    "title": "Laboratoire 16½",
    "permalink": "/4W6-WebServices/labos/labo16"
  }
}