{
  "id": "notes/rencontre1.1",
  "title": "Cours 1 - Intro à React / Next.js",
  "description": "🧪 Introduction à TypeScript",
  "source": "@site/docs/01-notes/01-rencontre1.1.md",
  "sourceDirName": "01-notes",
  "slug": "/notes/rencontre1.1",
  "permalink": "/4W6-WebServices/notes/rencontre1.1",
  "draft": false,
  "unlisted": false,
  "editUrl": "https://github.com/departement-info-cem/4W6-WebServices/tree/main/web/docs/01-notes/01-rencontre1.1.md",
  "tags": [],
  "version": "current",
  "sidebarPosition": 1,
  "frontMatter": {},
  "sidebar": "docs",
  "next": {
    "title": "Cours 2 - Composant dynamique",
    "permalink": "/4W6-WebServices/notes/rencontre1.2"
  }
}