{
  "id": "cours/rencontre15.1",
  "title": "Cours 29 - Final formatif",
  "description": "Voici le formatif. Les instructions sont dans un document Word.",
  "source": "@site/docs/01-cours/29-rencontre15.1.md",
  "sourceDirName": "01-cours",
  "slug": "/cours/rencontre15.1",
  "permalink": "/4W6-WebServices/cours/rencontre15.1",
  "draft": false,
  "unlisted": false,
  "editUrl": "https://github.com/departement-info-cem/4W6-WebServices/tree/main/web/docs/01-cours/29-rencontre15.1.md",
  "tags": [],
  "version": "current",
  "sidebarPosition": 29,
  "frontMatter": {}
}