{
  "id": "cours/rencontre1.1",
  "title": "Cours 1 - Intro à Angular",
  "description": "🙈 Application Web ASP.NET Core sans client Angular",
  "source": "@site/docs/04-cours/01-rencontre1.1.md",
  "sourceDirName": "04-cours",
  "slug": "/cours/rencontre1.1",
  "permalink": "/4W6-WebServices/cours/rencontre1.1",
  "draft": false,
  "unlisted": false,
  "editUrl": "https://github.com/departement-info-cem/4W6-WebServices/tree/main/web/docs/04-cours/01-rencontre1.1.md",
  "tags": [],
  "version": "current",
  "sidebarPosition": 1,
  "frontMatter": {},
  "sidebar": "cours",
  "next": {
    "title": "Cours 2 - Composant dynamique",
    "permalink": "/4W6-WebServices/cours/rencontre1.2"
  }
}