{
  "id": "cours/rencontre4.2",
  "title": "Cours 8 - Maps, vidéos, pipes",
  "description": "▶ Intégration YouTube",
  "source": "@site/docs/01-cours/08-rencontre4.2.md",
  "sourceDirName": "01-cours",
  "slug": "/cours/rencontre4.2",
  "permalink": "/4W6-WebServices/cours/rencontre4.2",
  "draft": false,
  "unlisted": false,
  "editUrl": "https://github.com/departement-info-cem/4W6-WebServices/tree/main/web/docs/01-cours/08-rencontre4.2.md",
  "tags": [],
  "version": "current",
  "sidebarPosition": 8,
  "frontMatter": {}
}