{
  "id": "labos/labo7",
  "title": "Laboratoire 7",
  "description": "🐌 Étape 1 - La routine... ou presque.",
  "source": "@site/docs/03-labos/06-labo7.md",
  "sourceDirName": "03-labos",
  "slug": "/labos/labo7",
  "permalink": "/4W6-WebServices/labos/labo7",
  "draft": false,
  "unlisted": false,
  "editUrl": "https://github.com/departement-info-cem/4W6-WebServices/tree/main/web/docs/03-labos/06-labo7.md",
  "tags": [],
  "version": "current",
  "sidebarPosition": 6,
  "frontMatter": {},
  "sidebar": "labos",
  "previous": {
    "title": "Laboratoire 6",
    "permalink": "/4W6-WebServices/labos/labo6"
  },
  "next": {
    "title": "Laboratoire 8",
    "permalink": "/4W6-WebServices/labos/labo8"
  }
}