{"version":{"pluginId":"default","version":"current","label":"Next","banner":null,"badge":false,"noIndex":false,"className":"docs-version-current","isLast":true,"docsSidebars":{"docs":[{"type":"link","label":"Cours 1 - Intro à Angular","href":"/4W6-WebServices/cours/rencontre1.1","docId":"cours/rencontre1.1","unlisted":false},{"type":"link","label":"Cours 2 - Composant dynamique","href":"/4W6-WebServices/cours/rencontre1.2","docId":"cours/rencontre1.2","unlisted":false},{"type":"link","label":"Cours 3 - Requêtes HTTP","href":"/4W6-WebServices/cours/rencontre2.1","docId":"cours/rencontre2.1","unlisted":false},{"type":"link","label":"Cours 4 - TP1 (5%)","href":"/4W6-WebServices/cours/rencontre2.2","docId":"cours/rencontre2.2","unlisted":false},{"type":"link","label":"Cours 5 - Plusieurs composants","href":"/4W6-WebServices/cours/rencontre3.1","docId":"cours/rencontre3.1","unlisted":false},{"type":"link","label":"Cours 6 - Services","href":"/4W6-WebServices/cours/rencontre3.2","docId":"cours/rencontre3.2","unlisted":false},{"type":"link","label":"Cours 7 - Stockage, i18n, token","href":"/4W6-WebServices/cours/rencontre4.1","docId":"cours/rencontre4.1","unlisted":false},{"type":"link","label":"Cours 8 - Maps, vidéos, pipes","href":"/4W6-WebServices/cours/rencontre4.2","docId":"cours/rencontre4.2","unlisted":false}],"tp":[],"labos":[]},"docs":{"accueil":{"id":"accueil","title":"Site Web du cours Programmation Web orientée services","description":"✅📚 Vous retrouverez sur ce site Web toutes les notes de cours, laboratoires et TPs pour le cours Programmation"},"cours/rencontre1.1":{"id":"cours/rencontre1.1","title":"Cours 1 - Intro à Angular","description":"🙈 Application Web ASP.NET Core sans client Angular","sidebar":"docs"},"cours/rencontre1.2":{"id":"cours/rencontre1.2","title":"Cours 2 - Composant dynamique","description":"Ce cours aborde l'interaction entre la classe TypeScript d'un composant et son template HTML.","sidebar":"docs"},"cours/rencontre2.1":{"id":"cours/rencontre2.1","title":"Cours 3 - Requêtes HTTP","description":"✅ Une application Web client Angular peut :","sidebar":"docs"},"cours/rencontre2.2":{"id":"cours/rencontre2.2","title":"Cours 4 - TP1 (5%)","description":"Cette période est entièrement consacrée au TP1.","sidebar":"docs"},"cours/rencontre3.1":{"id":"cours/rencontre3.1","title":"Cours 5 - Plusieurs composants","description":"Utiliser plusieurs composants permettra de « naviguer sur plusieurs pages Web » et permettra également d'éviter","sidebar":"docs"},"cours/rencontre3.2":{"id":"cours/rencontre3.2","title":"Cours 6 - Services","description":"⚙ Les services sont des classes TypeScript qui ne sont associées à aucun code HTML ou CSS.","sidebar":"docs"},"cours/rencontre4.1":{"id":"cours/rencontre4.1","title":"Cours 7 - Stockage, i18n, token","description":"💾 Stockage local","sidebar":"docs"},"cours/rencontre4.2":{"id":"cours/rencontre4.2","title":"Cours 8 - Maps, vidéos, pipes","description":"▶ Intégration YouTube","sidebar":"docs"}}}}