{"version":{"pluginId":"default","version":"current","label":"Next","banner":null,"badge":false,"noIndex":false,"className":"docs-version-current","isLast":true,"docsSidebars":{"docs":[{"type":"link","label":"Cours 1 - Intro à Angular","href":"/webservices/cours/rencontre1.1","docId":"cours/rencontre1.1","unlisted":false},{"type":"link","label":"Cours 2 - Composant dynamique","href":"/webservices/cours/rencontre1.2","docId":"cours/rencontre1.2","unlisted":false},{"type":"link","label":"Cours 3 - Requêtes HTTP","href":"/webservices/cours/rencontre2.1","docId":"cours/rencontre2.1","unlisted":false},{"type":"link","label":"Cours 4 - TP1 (5%)","href":"/webservices/cours/rencontre2.2","docId":"cours/rencontre2.2","unlisted":false},{"type":"link","label":"Cours 5 - Plusieurs composants","href":"/webservices/cours/rencontre3.1","docId":"cours/rencontre3.1","unlisted":false},{"type":"link","label":"Cours 6 - Services","href":"/webservices/cours/rencontre3.2","docId":"cours/rencontre3.2","unlisted":false},{"type":"link","label":"Cours 7 - Stockage, i18n, token","href":"/webservices/cours/rencontre4.1","docId":"cours/rencontre4.1","unlisted":false},{"type":"link","label":"Cours 8 - TP2 (20%)","href":"/webservices/cours/rencontre4.2","docId":"cours/rencontre4.2","unlisted":false},{"type":"link","label":"Cours 9 - Maps, vidéos, pipes","href":"/webservices/cours/rencontre5.1","docId":"cours/rencontre5.1","unlisted":false},{"type":"link","label":"Cours 10 - TP2 (20%)","href":"/webservices/cours/rencontre5.2","docId":"cours/rencontre5.2","unlisted":false},{"type":"link","label":"Cours 11 - Mat, modules, tests","href":"/webservices/cours/rencontre6.1","docId":"cours/rencontre6.1","unlisted":false},{"type":"link","label":"Cours 12 - TP2 (20%)","href":"/webservices/cours/rencontre6.2","docId":"cours/rencontre6.2","unlisted":false},{"type":"link","label":"Cours 13 - Intra formatif","href":"/webservices/cours/rencontre7.1","docId":"cours/rencontre7.1","unlisted":false},{"type":"link","label":"Cours 14 - Intra sommatif (15%)","href":"/webservices/cours/rencontre7.2","docId":"cours/rencontre7.2","unlisted":false},{"type":"link","label":"Cours 15 - Intro Web API","href":"/webservices/cours/rencontre8.1","docId":"cours/rencontre8.1","unlisted":false},{"type":"link","label":"Cours 16 - Services","href":"/webservices/cours/rencontre8.2","docId":"cours/rencontre8.2","unlisted":false},{"type":"link","label":"Cours 17 - Gestion utilisateurs","href":"/webservices/cours/rencontre9.1","docId":"cours/rencontre9.1","unlisted":false},{"type":"link","label":"Cours 18 - TP3 (15%)","href":"/webservices/cours/rencontre9.2","docId":"cours/rencontre9.2","unlisted":false},{"type":"link","label":"Cours 19 - Sécurité, interceptors","href":"/webservices/cours/rencontre10.1","docId":"cours/rencontre10.1","unlisted":false},{"type":"link","label":"Cours 20 - TP3 (15%)","href":"/webservices/cours/rencontre10.2","docId":"cours/rencontre10.2","unlisted":false},{"type":"link","label":"Cours 21 - Serveur d'images","href":"/webservices/cours/rencontre11.1","docId":"cours/rencontre11.1","unlisted":false},{"type":"link","label":"Cours 22 - TP4 (20%)","href":"/webservices/cours/rencontre11.2","docId":"cours/rencontre11.2","unlisted":false},{"type":"link","label":"Cours 23 - Librairies JS","href":"/webservices/cours/rencontre12.1","docId":"cours/rencontre12.1","unlisted":false},{"type":"link","label":"Cours 24 - TP4 (20%)","href":"/webservices/cours/rencontre12.2","docId":"cours/rencontre12.2","unlisted":false},{"type":"link","label":"Cours 25 - Rôles","href":"/webservices/cours/rencontre13.1","docId":"cours/rencontre13.1","unlisted":false},{"type":"link","label":"Cours 26 - TP4 (20%)","href":"/webservices/cours/rencontre13.2","docId":"cours/rencontre13.2","unlisted":false},{"type":"link","label":"Cours 27 - TP4 (20%)","href":"/webservices/cours/rencontre14.1","docId":"cours/rencontre14.1","unlisted":false},{"type":"link","label":"Cours 28 - TP4 (20%)","href":"/webservices/cours/rencontre14.2","docId":"cours/rencontre14.2","unlisted":false},{"type":"link","label":"Cours 29 - Final formatif","href":"/webservices/cours/rencontre15.1","docId":"cours/rencontre15.1","unlisted":false},{"type":"link","label":"Cours 30 - Final sommatif (25%)","href":"/webservices/cours/rencontre15.2","docId":"cours/rencontre15.2","unlisted":false}],"tp":[{"type":"link","label":"TP1","href":"/webservices/tp/tp1","docId":"tp/tp1","unlisted":false},{"type":"link","label":"TP2","href":"/webservices/tp/tp2","docId":"tp/tp2","unlisted":false},{"type":"link","label":"TP3","href":"/webservices/tp/tp3","docId":"tp/tp3","unlisted":false},{"type":"link","label":"TP4","href":"/webservices/tp/tp4","docId":"tp/tp4","unlisted":false}],"labos":[{"type":"link","label":"Laboratoire 1","href":"/webservices/labos/labo1","docId":"labos/labo1","unlisted":false},{"type":"link","label":"Laboratoire 2","href":"/webservices/labos/labo2","docId":"labos/labo2","unlisted":false},{"type":"link","label":"Laboratoire 3","href":"/webservices/labos/labo3","docId":"labos/labo3","unlisted":false}]},"docs":{"accueil":{"id":"accueil","title":"Accueil","description":"Si vous remarquez des fautes de français, des erreurs dans le code ou des imprécisions dans certaines explications,"},"cours/rencontre1.1":{"id":"cours/rencontre1.1","title":"Cours 1 - Intro à Angular","description":"🙈 Application Web ASP.NET Core sans client Angular","sidebar":"docs"},"cours/rencontre1.2":{"id":"cours/rencontre1.2","title":"Cours 2 - Composant dynamique","description":"Ce cours aborde l'interaction entre la classe TypeScript d'un composant et son template HTML.","sidebar":"docs"},"cours/rencontre10.1":{"id":"cours/rencontre10.1","title":"Cours 19 - Sécurité, interceptors","description":"","sidebar":"docs"},"cours/rencontre10.2":{"id":"cours/rencontre10.2","title":"Cours 20 - TP3 (15%)","description":"","sidebar":"docs"},"cours/rencontre11.1":{"id":"cours/rencontre11.1","title":"Cours 21 - Serveur d'images","description":"","sidebar":"docs"},"cours/rencontre11.2":{"id":"cours/rencontre11.2","title":"Cours 22 - TP4 (20%)","description":"","sidebar":"docs"},"cours/rencontre12.1":{"id":"cours/rencontre12.1","title":"Cours 23 - Librairies JS","description":"","sidebar":"docs"},"cours/rencontre12.2":{"id":"cours/rencontre12.2","title":"Cours 24 - TP4 (20%)","description":"","sidebar":"docs"},"cours/rencontre13.1":{"id":"cours/rencontre13.1","title":"Cours 25 - Rôles","description":"","sidebar":"docs"},"cours/rencontre13.2":{"id":"cours/rencontre13.2","title":"Cours 26 - TP4 (20%)","description":"","sidebar":"docs"},"cours/rencontre14.1":{"id":"cours/rencontre14.1","title":"Cours 27 - TP4 (20%)","description":"","sidebar":"docs"},"cours/rencontre14.2":{"id":"cours/rencontre14.2","title":"Cours 28 - TP4 (20%)","description":"","sidebar":"docs"},"cours/rencontre15.1":{"id":"cours/rencontre15.1","title":"Cours 29 - Final formatif","description":"","sidebar":"docs"},"cours/rencontre15.2":{"id":"cours/rencontre15.2","title":"Cours 30 - Final sommatif (25%)","description":"","sidebar":"docs"},"cours/rencontre2.1":{"id":"cours/rencontre2.1","title":"Cours 3 - Requêtes HTTP","description":"","sidebar":"docs"},"cours/rencontre2.2":{"id":"cours/rencontre2.2","title":"Cours 4 - TP1 (5%)","description":"","sidebar":"docs"},"cours/rencontre3.1":{"id":"cours/rencontre3.1","title":"Cours 5 - Plusieurs composants","description":"","sidebar":"docs"},"cours/rencontre3.2":{"id":"cours/rencontre3.2","title":"Cours 6 - Services","description":"","sidebar":"docs"},"cours/rencontre4.1":{"id":"cours/rencontre4.1","title":"Cours 7 - Stockage, i18n, token","description":"","sidebar":"docs"},"cours/rencontre4.2":{"id":"cours/rencontre4.2","title":"Cours 8 - TP2 (20%)","description":"","sidebar":"docs"},"cours/rencontre5.1":{"id":"cours/rencontre5.1","title":"Cours 9 - Maps, vidéos, pipes","description":"","sidebar":"docs"},"cours/rencontre5.2":{"id":"cours/rencontre5.2","title":"Cours 10 - TP2 (20%)","description":"","sidebar":"docs"},"cours/rencontre6.1":{"id":"cours/rencontre6.1","title":"Cours 11 - Mat, modules, tests","description":"","sidebar":"docs"},"cours/rencontre6.2":{"id":"cours/rencontre6.2","title":"Cours 12 - TP2 (20%)","description":"","sidebar":"docs"},"cours/rencontre7.1":{"id":"cours/rencontre7.1","title":"Cours 13 - Intra formatif","description":"","sidebar":"docs"},"cours/rencontre7.2":{"id":"cours/rencontre7.2","title":"Cours 14 - Intra sommatif (15%)","description":"","sidebar":"docs"},"cours/rencontre8.1":{"id":"cours/rencontre8.1","title":"Cours 15 - Intro Web API","description":"","sidebar":"docs"},"cours/rencontre8.2":{"id":"cours/rencontre8.2","title":"Cours 16 - Services","description":"","sidebar":"docs"},"cours/rencontre9.1":{"id":"cours/rencontre9.1","title":"Cours 17 - Gestion utilisateurs","description":"","sidebar":"docs"},"cours/rencontre9.2":{"id":"cours/rencontre9.2","title":"Cours 18 - TP3 (15%)","description":"","sidebar":"docs"},"labos/labo1":{"id":"labos/labo1","title":"Laboratoire 1","description":"Pour ce premier laboratoire il n'y aura pas de matériel de départ. Pour tous les laboratoires,","sidebar":"labos"},"labos/labo2":{"id":"labos/labo2","title":"Laboratoire 2","description":"","sidebar":"labos"},"labos/labo3":{"id":"labos/labo3","title":"Laboratoire 3","description":"","sidebar":"labos"},"tp/tp1":{"id":"tp/tp1","title":"TP1","description":"","sidebar":"tp"},"tp/tp2":{"id":"tp/tp2","title":"TP2","description":"","sidebar":"tp"},"tp/tp3":{"id":"tp/tp3","title":"TP3","description":"","sidebar":"tp"},"tp/tp4":{"id":"tp/tp4","title":"TP4","description":"","sidebar":"tp"}}}}