{"version":{"pluginId":"default","version":"current","label":"Next","banner":null,"badge":false,"noIndex":false,"className":"docs-version-current","isLast":true,"docsSidebars":{"docs":[{"type":"link","label":"Cours 1 - Intro à React / Next.js","href":"/4W6-WebServices/notes/rencontre1.1","docId":"notes/rencontre1.1","unlisted":false},{"type":"link","label":"Cours 2 - Composant dynamique","href":"/4W6-WebServices/notes/rencontre1.2","docId":"notes/rencontre1.2","unlisted":false},{"type":"link","label":"Cours 3 - Requêtes HTTP","href":"/4W6-WebServices/notes/rencontre2.1","docId":"notes/rencontre2.1","unlisted":false},{"type":"link","label":"Cours 5 - Plusieurs composants","href":"/4W6-WebServices/notes/rencontre3.1","docId":"notes/rencontre3.1","unlisted":false},{"type":"link","label":"Cours 6 - Contexts et hooks","href":"/4W6-WebServices/notes/rencontre3.2","docId":"notes/rencontre3.2","unlisted":false},{"type":"link","label":"Cours 7 - Stockage, i18n, token","href":"/4W6-WebServices/notes/rencontre4.1","docId":"notes/rencontre4.1","unlisted":false},{"type":"link","label":"Cours 8 - Maps, vidéos, UI","href":"/4W6-WebServices/notes/rencontre4.2","docId":"notes/rencontre4.2","unlisted":false}],"tp":[],"labos":[],"cours":[]},"docs":{"accueil":{"id":"accueil","title":"Notes de cours (version intra)","description":"Bonne chance 😳"},"notes/rencontre1.1":{"id":"notes/rencontre1.1","title":"Cours 1 - Intro à React / Next.js","description":"🧪 Introduction à TypeScript","sidebar":"docs"},"notes/rencontre1.2":{"id":"notes/rencontre1.2","title":"Cours 2 - Composant dynamique","description":"Dans de nombreux exemples à partir de ce cours, des classes personnelles sont utilisées à la place des classes Tailwind pour alléger le code HTML des exemples. C'est normal qu'en copiant certains exemples, l'apparence de vos pages Web soit un peu moins pétillant 🌶 !","sidebar":"docs"},"notes/rencontre2.1":{"id":"notes/rencontre2.1","title":"Cours 3 - Requêtes HTTP","description":"✅ Une application Web client Next.js peut :","sidebar":"docs"},"notes/rencontre3.1":{"id":"notes/rencontre3.1","title":"Cours 5 - Plusieurs composants","description":"Utiliser plusieurs composants permettra de « naviguer sur plusieurs pages Web » et permettra également d'éviter","sidebar":"docs"},"notes/rencontre3.2":{"id":"notes/rencontre3.2","title":"Cours 6 - Contexts et hooks","description":"Nous avons appris comment créer et utiliser plusieurs composants. Il reste cependant certains défis à adresser pour pouvoir utiliser plusieurs composants stratégiquement.","sidebar":"docs"},"notes/rencontre4.1":{"id":"notes/rencontre4.1","title":"Cours 7 - Stockage, i18n, token","description":"💿 Stockage local","sidebar":"docs"},"notes/rencontre4.2":{"id":"notes/rencontre4.2","title":"Cours 8 - Maps, vidéos, UI","description":"▶ Intégration YouTube","sidebar":"docs"}}}}