{"version":{"pluginId":"default","version":"current","label":"Next","banner":null,"badge":false,"noIndex":false,"className":"docs-version-current","isLast":true,"docsSidebars":{"docs":[{"type":"link","label":"Cours 1 - Intro à Angular","href":"/4W6-WebServices/cours/rencontre1.1","docId":"cours/rencontre1.1","unlisted":false},{"type":"link","label":"Cours 2 - Composant dynamique","href":"/4W6-WebServices/cours/rencontre1.2","docId":"cours/rencontre1.2","unlisted":false},{"type":"link","label":"Cours 3 - Requêtes HTTP","href":"/4W6-WebServices/cours/rencontre2.1","docId":"cours/rencontre2.1","unlisted":false},{"type":"link","label":"Cours 5 - Plusieurs composants","href":"/4W6-WebServices/cours/rencontre3.1","docId":"cours/rencontre3.1","unlisted":false},{"type":"link","label":"Cours 6 - Services","href":"/4W6-WebServices/cours/rencontre3.2","docId":"cours/rencontre3.2","unlisted":false},{"type":"link","label":"Cours 7 - Stockage, i18n, token","href":"/4W6-WebServices/cours/rencontre4.1","docId":"cours/rencontre4.1","unlisted":false},{"type":"link","label":"Cours 8 - Maps, vidéos, pipes","href":"/4W6-WebServices/cours/rencontre4.2","docId":"cours/rencontre4.2","unlisted":false}],"labos":[{"type":"link","label":"Laboratoire 1","href":"/4W6-WebServices/labos/labo1","docId":"labos/labo1","unlisted":false},{"type":"link","label":"Laboratoire 2","href":"/4W6-WebServices/labos/labo2","docId":"labos/labo2","unlisted":false},{"type":"link","label":"Laboratoire 3","href":"/4W6-WebServices/labos/labo3","docId":"labos/labo3","unlisted":false},{"type":"link","label":"Laboratoire 5","href":"/4W6-WebServices/labos/labo5","docId":"labos/labo5","unlisted":false},{"type":"link","label":"Laboratoire 6","href":"/4W6-WebServices/labos/labo6","docId":"labos/labo6","unlisted":false},{"type":"link","label":"Laboratoire 7","href":"/4W6-WebServices/labos/labo7","docId":"labos/labo7","unlisted":false},{"type":"link","label":"Laboratoire 8","href":"/4W6-WebServices/labos/labo8","docId":"labos/labo8","unlisted":false}]},"docs":{"accueil":{"id":"accueil","title":"Site Web du cours Programmation Web orientée services","description":"✅📚 Vous retrouverez sur ce site Web toutes les notes de cours, laboratoires et TPs pour le cours Programmation"},"cours/rencontre1.1":{"id":"cours/rencontre1.1","title":"Cours 1 - Intro à Angular","description":"🙈 Application Web ASP.NET Core sans client Angular","sidebar":"docs"},"cours/rencontre1.2":{"id":"cours/rencontre1.2","title":"Cours 2 - Composant dynamique","description":"Ce cours aborde l'interaction entre la classe TypeScript d'un composant et son template HTML.","sidebar":"docs"},"cours/rencontre2.1":{"id":"cours/rencontre2.1","title":"Cours 3 - Requêtes HTTP","description":"✅ Une application Web client Angular peut :","sidebar":"docs"},"cours/rencontre3.1":{"id":"cours/rencontre3.1","title":"Cours 5 - Plusieurs composants","description":"Utiliser plusieurs composants permettra de « naviguer sur plusieurs pages Web » et permettra également d'éviter","sidebar":"docs"},"cours/rencontre3.2":{"id":"cours/rencontre3.2","title":"Cours 6 - Services","description":"⚙ Les services sont des classes TypeScript qui ne sont associées à aucun code HTML ou CSS.","sidebar":"docs"},"cours/rencontre4.1":{"id":"cours/rencontre4.1","title":"Cours 7 - Stockage, i18n, token","description":"💾 Stockage local","sidebar":"docs"},"cours/rencontre4.2":{"id":"cours/rencontre4.2","title":"Cours 8 - Maps, vidéos, pipes","description":"▶ Intégration YouTube","sidebar":"docs"},"labos/labo1":{"id":"labos/labo1","title":"Laboratoire 1","description":"Pour ce premier laboratoire il n'y aura pas de matériel de départ. Pour tous les laboratoires,","sidebar":"labos"},"labos/labo2":{"id":"labos/labo2","title":"Laboratoire 2","description":"Pour ce deuxième laboratoire il y aura un projet de départ à télécharger. Le voici. 🎁","sidebar":"labos"},"labos/labo3":{"id":"labos/labo3","title":"Laboratoire 3","description":"Commencez par télécharger le ⛔ projet de départ pour ce laboratoire. 🎁","sidebar":"labos"},"labos/labo5":{"id":"labos/labo5","title":"Laboratoire 5","description":"Dans ce laboratoire, [texte d'introduction qui parle des composants pour stimuler les étudiant(e)s à","sidebar":"labos"},"labos/labo6":{"id":"labos/labo6","title":"Laboratoire 6","description":"Téléchargez le projet de départ et lancez-le. 🧤⚾","sidebar":"labos"},"labos/labo7":{"id":"labos/labo7","title":"Laboratoire 7","description":"🐌 Étape 1 - La routine... ou presque.","sidebar":"labos"},"labos/labo8":{"id":"labos/labo8","title":"Laboratoire 8","description":"Téléchargez le projet de départ et réinstallez les dépendances.","sidebar":"labos"}}}}